﻿YEAR;VOUCHER_NO;VOUCHER_DATE;BOOKING_DATE;NAME;POSITION;ACCOUNT_NUMBER;ACCOUNT_NAME;DEBIT_CREDIT;AMOUNT;CUSTOMER_NO;CUSTOMER_NAME;SUPPLIER_NO;SUPPLIER_NAME;INVOICE_NO
2025;315;2025-09-01;"2025-09-01 00:00:00";"Rechnung Nr 10224 vom 01.09.2025";1;1000;Kasse;DEBIT;81,25;;;;;10224
2025;315;2025-09-01;"2025-09-01 00:00:00";"Rechnung Nr 10224 vom 01.09.2025";2;8400;"Tierärztliche Leistungen 19% Ust.";CREDIT;68,28;;;;;10224
2025;315;2025-09-01;"2025-09-01 00:00:00";"Rechnung Nr 10224 vom 01.09.2025";3;1776;"Umsatzsteuer 19%";CREDIT;12,97;;;;;10224
2025;316;2025-09-01;"2025-09-01 00:00:00";"Rechnung Nr 10225 vom 01.09.2025";1;1360;Geldtransit;DEBIT;173,63;;;;;10225
2025;316;2025-09-01;"2025-09-01 00:00:00";"Rechnung Nr 10225 vom 01.09.2025";2;8400;"Tierärztliche Leistungen 19% Ust.";CREDIT;106,05;;;;;10225
2025;316;2025-09-01;"2025-09-01 00:00:00";"Rechnung Nr 10225 vom 01.09.2025";3;1776;"Umsatzsteuer 19%";CREDIT;20,15;;;;;10225
2025;316;2025-09-01;"2025-09-01 00:00:00";"Rechnung Nr 10225 vom 01.09.2025";4;8401;"Angewandte Medikamente 19% Umsatzsteuer";CREDIT;39,86;;;;;10225
2025;316;2025-09-01;"2025-09-01 00:00:00";"Rechnung Nr 10225 vom 01.09.2025";5;1776;"Umsatzsteuer 19%";CREDIT;7,57;;;;;10225
2025;319;2025-09-02;"2025-09-02 00:00:00";"Rechnung Nr 10226 vom 02.09.2025";1;1000;Kasse;DEBIT;151,03;;;;;10226
2025;319;2025-09-02;"2025-09-02 00:00:00";"Rechnung Nr 10226 vom 02.09.2025";2;8400;"Tierärztliche Leistungen 19% Ust.";CREDIT;126,92;;;;;10226
2025;319;2025-09-02;"2025-09-02 00:00:00";"Rechnung Nr 10226 vom 02.09.2025";3;1776;"Umsatzsteuer 19%";CREDIT;24,11;;;;;10226
2025;320;2025-09-02;"2025-09-02 00:00:00";"Rechnung Nr 10227 vom 02.09.2025";1;1360;Geldtransit;DEBIT;28,11;;;;;10227
2025;320;2025-09-02;"2025-09-02 00:00:00";"Rechnung Nr 10227 vom 02.09.2025";2;8400;"Tierärztliche Leistungen 19% Ust.";CREDIT;23,62;;;;;10227
2025;320;2025-09-02;"2025-09-02 00:00:00";"Rechnung Nr 10227 vom 02.09.2025";3;1776;"Umsatzsteuer 19%";CREDIT;4,49;;;;;10227
2025;323;2025-09-02;"2025-09-02 00:00:00";"Rechnung Nr 10208 vom 02.09.2025";1;1400;"Forderungen aus Lief. und Leist.";DEBIT;25,48;10011;"Thomas Hammer, Meinhard";;;10208
2025;323;2025-09-02;"2025-09-02 00:00:00";"Rechnung Nr 10208 vom 02.09.2025";2;8400;"Tierärztliche Leistungen 19% Ust.";CREDIT;21,41;10011;"Thomas Hammer, Meinhard";;;10208
2025;323;2025-09-02;"2025-09-02 00:00:00";"Rechnung Nr 10208 vom 02.09.2025";3;1776;"Umsatzsteuer 19%";CREDIT;4,07;10011;"Thomas Hammer, Meinhard";;;10208
2025;324;2025-09-02;"2025-09-02 00:00:00";"Rechnung Nr 10228 vom 02.09.2025";1;1360;Geldtransit;DEBIT;33,80;;;;;10228
2025;324;2025-09-02;"2025-09-02 00:00:00";"Rechnung Nr 10228 vom 02.09.2025";2;8401;"Angewandte Medikamente 19% Umsatzsteuer";CREDIT;24,56;;;;;10228
2025;324;2025-09-02;"2025-09-02 00:00:00";"Rechnung Nr 10228 vom 02.09.2025";3;1776;"Umsatzsteuer 19%";CREDIT;4,67;;;;;10228
2025;324;2025-09-02;"2025-09-02 00:00:00";"Rechnung Nr 10228 vom 02.09.2025";4;8402;"Abgegebene Medikamente 19% Umsatzsteuer";CREDIT;3,84;;;;;10228
2025;324;2025-09-02;"2025-09-02 00:00:00";"Rechnung Nr 10228 vom 02.09.2025";5;1776;"Umsatzsteuer 19%";CREDIT;0,73;;;;;10228
2025;325;2025-09-02;"2025-09-02 00:00:00";"Rechnung Nr 10229 vom 02.09.2025";1;1000;Kasse;DEBIT;155,69;;;;;10229
2025;325;2025-09-02;"2025-09-02 00:00:00";"Rechnung Nr 10229 vom 02.09.2025";2;8400;"Tierärztliche Leistungen 19% Ust.";CREDIT;80,78;;;;;10229
2025;325;2025-09-02;"2025-09-02 00:00:00";"Rechnung Nr 10229 vom 02.09.2025";3;1776;"Umsatzsteuer 19%";CREDIT;15,35;;;;;10229
2025;325;2025-09-02;"2025-09-02 00:00:00";"Rechnung Nr 10229 vom 02.09.2025";4;8401;"Angewandte Medikamente 19% Umsatzsteuer";CREDIT;50,05;;;;;10229
2025;325;2025-09-02;"2025-09-02 00:00:00";"Rechnung Nr 10229 vom 02.09.2025";5;1776;"Umsatzsteuer 19%";CREDIT;9,51;;;;;10229
2025;326;2025-09-03;"2025-09-03 00:00:00";"Rechnung Nr 10209 vom 03.09.2025";1;1000;Kasse;DEBIT;35,22;;;;;10209
2025;326;2025-09-03;"2025-09-03 00:00:00";"Rechnung Nr 10209 vom 03.09.2025";2;8400;"Tierärztliche Leistungen 19% Ust.";CREDIT;23,62;;;;;10209
2025;326;2025-09-03;"2025-09-03 00:00:00";"Rechnung Nr 10209 vom 03.09.2025";3;1776;"Umsatzsteuer 19%";CREDIT;4,49;;;;;10209
2025;326;2025-09-03;"2025-09-03 00:00:00";"Rechnung Nr 10209 vom 03.09.2025";4;8402;"Abgegebene Medikamente 19% Umsatzsteuer";CREDIT;5,98;;;;;10209
2025;326;2025-09-03;"2025-09-03 00:00:00";"Rechnung Nr 10209 vom 03.09.2025";5;1776;"Umsatzsteuer 19%";CREDIT;1,14;;;;;10209
2025;326;2025-09-03;"2025-09-03 00:00:00";"Rechnung Nr 10209 vom 03.09.2025";6;1590;"Durchlaufende Posten";DEBIT;0,01;;;;;10209
2025;327;2025-09-02;"2025-09-03 00:00:00";"Storno Buchung 321";1;1360;Geldtransit;CREDIT;59,50;;;;;
2025;327;2025-09-02;"2025-09-03 00:00:00";"Storno Buchung 321";2;8400;"Tierärztliche Leistungen 19% Ust.";DEBIT;50,00;;;;;
2025;327;2025-09-02;"2025-09-03 00:00:00";"Storno Buchung 321";3;1776;"Umsatzsteuer 19%";DEBIT;9,50;;;;;
2025;329;2025-09-03;"2025-09-03 00:00:00";"Rechnung Nr 10230 vom 03.09.2025";1;1400;"Forderungen aus Lief. und Leist.";DEBIT;35,22;130823;"Simone Schnurrbartfan, Musterstadt";;;10230
2025;329;2025-09-03;"2025-09-03 00:00:00";"Rechnung Nr 10230 vom 03.09.2025";2;8402;"Abgegebene Medikamente 19% Umsatzsteuer";CREDIT;5,98;130823;"Simone Schnurrbartfan, Musterstadt";;;10230
2025;329;2025-09-03;"2025-09-03 00:00:00";"Rechnung Nr 10230 vom 03.09.2025";3;1776;"Umsatzsteuer 19%";CREDIT;1,14;130823;"Simone Schnurrbartfan, Musterstadt";;;10230
2025;329;2025-09-03;"2025-09-03 00:00:00";"Rechnung Nr 10230 vom 03.09.2025";4;8400;"Tierärztliche Leistungen 19% Ust.";CREDIT;23,62;130823;"Simone Schnurrbartfan, Musterstadt";;;10230
2025;329;2025-09-03;"2025-09-03 00:00:00";"Rechnung Nr 10230 vom 03.09.2025";5;1776;"Umsatzsteuer 19%";CREDIT;4,49;130823;"Simone Schnurrbartfan, Musterstadt";;;10230
2025;329;2025-09-03;"2025-09-03 00:00:00";"Rechnung Nr 10230 vom 03.09.2025";6;1590;"Durchlaufende Posten";DEBIT;0,01;130823;"Simone Schnurrbartfan, Musterstadt";;;10230
2025;330;2025-09-03;"2025-09-03 00:00:00";"Storno Buchung 329";1;1400;"Forderungen aus Lief. und Leist.";CREDIT;35,22;130823;"Simone Schnurrbartfan, Musterstadt";;;10230
2025;330;2025-09-03;"2025-09-03 00:00:00";"Storno Buchung 329";2;8402;"Abgegebene Medikamente 19% Umsatzsteuer";DEBIT;5,98;130823;"Simone Schnurrbartfan, Musterstadt";;;10230
2025;330;2025-09-03;"2025-09-03 00:00:00";"Storno Buchung 329";3;1776;"Umsatzsteuer 19%";DEBIT;1,14;130823;"Simone Schnurrbartfan, Musterstadt";;;10230
2025;330;2025-09-03;"2025-09-03 00:00:00";"Storno Buchung 329";4;8400;"Tierärztliche Leistungen 19% Ust.";DEBIT;23,62;130823;"Simone Schnurrbartfan, Musterstadt";;;10230
2025;330;2025-09-03;"2025-09-03 00:00:00";"Storno Buchung 329";5;1776;"Umsatzsteuer 19%";DEBIT;4,49;130823;"Simone Schnurrbartfan, Musterstadt";;;10230
2025;330;2025-09-03;"2025-09-03 00:00:00";"Storno Buchung 329";6;1590;"Durchlaufende Posten";CREDIT;0,01;130823;"Simone Schnurrbartfan, Musterstadt";;;10230
2025;331;2025-09-03;"2025-09-03 00:00:00";"Rechnung Nr 10231 vom 03.09.2025";1;1400;"Forderungen aus Lief. und Leist.";DEBIT;35,22;130823;"Simone Schnurrbartfan, Musterstadt";;;10231
2025;331;2025-09-03;"2025-09-03 00:00:00";"Rechnung Nr 10231 vom 03.09.2025";2;8402;"Abgegebene Medikamente 19% Umsatzsteuer";CREDIT;5,98;130823;"Simone Schnurrbartfan, Musterstadt";;;10231
2025;331;2025-09-03;"2025-09-03 00:00:00";"Rechnung Nr 10231 vom 03.09.2025";3;1776;"Umsatzsteuer 19%";CREDIT;1,14;130823;"Simone Schnurrbartfan, Musterstadt";;;10231
2025;331;2025-09-03;"2025-09-03 00:00:00";"Rechnung Nr 10231 vom 03.09.2025";4;8400;"Tierärztliche Leistungen 19% Ust.";CREDIT;23,62;130823;"Simone Schnurrbartfan, Musterstadt";;;10231
2025;331;2025-09-03;"2025-09-03 00:00:00";"Rechnung Nr 10231 vom 03.09.2025";5;1776;"Umsatzsteuer 19%";CREDIT;4,49;130823;"Simone Schnurrbartfan, Musterstadt";;;10231
2025;331;2025-09-03;"2025-09-03 00:00:00";"Rechnung Nr 10231 vom 03.09.2025";6;1590;"Durchlaufende Posten";DEBIT;0,01;130823;"Simone Schnurrbartfan, Musterstadt";;;10231
2025;332;2025-09-03;"2025-09-03 00:00:00";"Storno Buchung 331";1;1400;"Forderungen aus Lief. und Leist.";CREDIT;35,22;130823;"Simone Schnurrbartfan, Musterstadt";;;10231
2025;332;2025-09-03;"2025-09-03 00:00:00";"Storno Buchung 331";2;8402;"Abgegebene Medikamente 19% Umsatzsteuer";DEBIT;5,98;130823;"Simone Schnurrbartfan, Musterstadt";;;10231
2025;332;2025-09-03;"2025-09-03 00:00:00";"Storno Buchung 331";3;1776;"Umsatzsteuer 19%";DEBIT;1,14;130823;"Simone Schnurrbartfan, Musterstadt";;;10231
2025;332;2025-09-03;"2025-09-03 00:00:00";"Storno Buchung 331";4;8400;"Tierärztliche Leistungen 19% Ust.";DEBIT;23,62;130823;"Simone Schnurrbartfan, Musterstadt";;;10231
2025;332;2025-09-03;"2025-09-03 00:00:00";"Storno Buchung 331";5;1776;"Umsatzsteuer 19%";DEBIT;4,49;130823;"Simone Schnurrbartfan, Musterstadt";;;10231
2025;332;2025-09-03;"2025-09-03 00:00:00";"Storno Buchung 331";6;1590;"Durchlaufende Posten";CREDIT;0,01;130823;"Simone Schnurrbartfan, Musterstadt";;;10231
2025;333;2025-09-03;"2025-09-03 00:00:00";"Rechnung Nr 10232 vom 03.09.2025";1;1400;"Forderungen aus Lief. und Leist.";DEBIT;35,22;130823;"Simone Schnurrbartfan, Musterstadt";;;10232
2025;333;2025-09-03;"2025-09-03 00:00:00";"Rechnung Nr 10232 vom 03.09.2025";2;8402;"Abgegebene Medikamente 19% Umsatzsteuer";CREDIT;5,98;130823;"Simone Schnurrbartfan, Musterstadt";;;10232
2025;333;2025-09-03;"2025-09-03 00:00:00";"Rechnung Nr 10232 vom 03.09.2025";3;1776;"Umsatzsteuer 19%";CREDIT;1,14;130823;"Simone Schnurrbartfan, Musterstadt";;;10232
2025;333;2025-09-03;"2025-09-03 00:00:00";"Rechnung Nr 10232 vom 03.09.2025";4;8400;"Tierärztliche Leistungen 19% Ust.";CREDIT;23,62;130823;"Simone Schnurrbartfan, Musterstadt";;;10232
2025;333;2025-09-03;"2025-09-03 00:00:00";"Rechnung Nr 10232 vom 03.09.2025";5;1776;"Umsatzsteuer 19%";CREDIT;4,49;130823;"Simone Schnurrbartfan, Musterstadt";;;10232
2025;333;2025-09-03;"2025-09-03 00:00:00";"Rechnung Nr 10232 vom 03.09.2025";6;1590;"Durchlaufende Posten";DEBIT;0,01;130823;"Simone Schnurrbartfan, Musterstadt";;;10232
2025;334;2025-09-04;"2025-09-04 00:00:00";"Rechnung Nr 10233 vom 04.09.2025";1;1360;Geldtransit;DEBIT;71,42;;;;;10233
2025;334;2025-09-04;"2025-09-04 00:00:00";"Rechnung Nr 10233 vom 04.09.2025";2;8400;"Tierärztliche Leistungen 19% Ust.";CREDIT;60,02;;;;;10233
2025;334;2025-09-04;"2025-09-04 00:00:00";"Rechnung Nr 10233 vom 04.09.2025";3;1776;"Umsatzsteuer 19%";CREDIT;11,40;;;;;10233
2025;335;2025-09-04;"2025-09-04 00:00:00";"Rechnung Nr 10234 vom 04.09.2025";1;1360;Geldtransit;DEBIT;28,11;;;;;10234
2025;335;2025-09-04;"2025-09-04 00:00:00";"Rechnung Nr 10234 vom 04.09.2025";2;8400;"Tierärztliche Leistungen 19% Ust.";CREDIT;23,62;;;;;10234
2025;335;2025-09-04;"2025-09-04 00:00:00";"Rechnung Nr 10234 vom 04.09.2025";3;1776;"Umsatzsteuer 19%";CREDIT;4,49;;;;;10234
2025;336;2025-09-04;"2025-09-04 00:00:00";"Zahlung RgNr 10212";1;1000;Kasse;DEBIT;28,11;10003;"Schlumpf Müller, Musterstadt";;;10212
2025;336;2025-09-04;"2025-09-04 00:00:00";"Zahlung RgNr 10212";2;1400;"Forderungen aus Lief. und Leist.";CREDIT;28,11;10003;"Schlumpf Müller, Musterstadt";;;10212
2025;342;2025-09-09;"2025-09-09 00:00:00";"Rechnung Nr 10235 vom 09.09.2025";1;1000;Kasse;DEBIT;985,32;;;;;10235
2025;342;2025-09-09;"2025-09-09 00:00:00";"Rechnung Nr 10235 vom 09.09.2025";2;8400;"Tierärztliche Leistungen 19% Ust.";CREDIT;828,00;;;;;10235
2025;342;2025-09-09;"2025-09-09 00:00:00";"Rechnung Nr 10235 vom 09.09.2025";3;1776;"Umsatzsteuer 19%";CREDIT;157,32;;;;;10235
2025;343;2025-09-09;"2025-09-09 00:00:00";"Rechnung Nr 10236 vom 09.09.2025";1;1360;Geldtransit;DEBIT;146,05;;;;;10236
2025;343;2025-09-09;"2025-09-09 00:00:00";"Rechnung Nr 10236 vom 09.09.2025";2;8400;"Tierärztliche Leistungen 19% Ust.";CREDIT;54,40;;;;;10236
2025;343;2025-09-09;"2025-09-09 00:00:00";"Rechnung Nr 10236 vom 09.09.2025";3;1776;"Umsatzsteuer 19%";CREDIT;10,34;;;;;10236
2025;343;2025-09-09;"2025-09-09 00:00:00";"Rechnung Nr 10236 vom 09.09.2025";4;8402;"Abgegebene Medikamente 19% Umsatzsteuer";CREDIT;18,29;;;;;10236
2025;343;2025-09-09;"2025-09-09 00:00:00";"Rechnung Nr 10236 vom 09.09.2025";5;1776;"Umsatzsteuer 19%";CREDIT;3,48;;;;;10236
2025;343;2025-09-09;"2025-09-09 00:00:00";"Rechnung Nr 10236 vom 09.09.2025";6;8401;"Angewandte Medikamente 19% Umsatzsteuer";CREDIT;50,04;;;;;10236
2025;343;2025-09-09;"2025-09-09 00:00:00";"Rechnung Nr 10236 vom 09.09.2025";7;1776;"Umsatzsteuer 19%";CREDIT;9,51;;;;;10236
2025;343;2025-09-09;"2025-09-09 00:00:00";"Rechnung Nr 10236 vom 09.09.2025";8;1590;"Durchlaufende Posten";DEBIT;0,01;;;;;10236
2025;344;2025-09-09;"2025-09-09 00:00:00";"Rechnung Nr 10237 vom 09.09.2025";1;1360;Geldtransit;DEBIT;2,75;;;;;10237
2025;344;2025-09-09;"2025-09-09 00:00:00";"Rechnung Nr 10237 vom 09.09.2025";2;8402;"Abgegebene Medikamente 19% Umsatzsteuer";CREDIT;2,31;;;;;10237
2025;344;2025-09-09;"2025-09-09 00:00:00";"Rechnung Nr 10237 vom 09.09.2025";3;1776;"Umsatzsteuer 19%";CREDIT;0,44;;;;;10237
2025;345;2025-09-09;"2025-09-09 00:00:00";"Rechnung Nr 10238 vom 09.09.2025";1;1360;Geldtransit;DEBIT;62,00;;;;;10238
2025;345;2025-09-09;"2025-09-09 00:00:00";"Rechnung Nr 10238 vom 09.09.2025";2;8400;"Tierärztliche Leistungen 19% Ust.";CREDIT;41,29;;;;;10238
2025;345;2025-09-09;"2025-09-09 00:00:00";"Rechnung Nr 10238 vom 09.09.2025";3;1776;"Umsatzsteuer 19%";CREDIT;7,84;;;;;10238
2025;345;2025-09-09;"2025-09-09 00:00:00";"Rechnung Nr 10238 vom 09.09.2025";4;8401;"Angewandte Medikamente 19% Umsatzsteuer";CREDIT;10,81;;;;;10238
2025;345;2025-09-09;"2025-09-09 00:00:00";"Rechnung Nr 10238 vom 09.09.2025";5;1776;"Umsatzsteuer 19%";CREDIT;2,05;;;;;10238
2025;345;2025-09-09;"2025-09-09 00:00:00";"Rechnung Nr 10238 vom 09.09.2025";6;1590;"Durchlaufende Posten";CREDIT;0,01;;;;;10238
2025;346;2025-09-10;"2025-09-10 00:00:00";"Rechnung Nr 10239 vom 10.09.2025";1;1400;"Forderungen aus Lief. und Leist.";DEBIT;38,00;10000;"Bert Zimmerman, Magdeburg";;;10239
2025;346;2025-09-10;"2025-09-10 00:00:00";"Rechnung Nr 10239 vom 10.09.2025";2;8400;"Tierärztliche Leistungen 19% Ust.";CREDIT;23,62;10000;"Bert Zimmerman, Magdeburg";;;10239
2025;346;2025-09-10;"2025-09-10 00:00:00";"Rechnung Nr 10239 vom 10.09.2025";3;1776;"Umsatzsteuer 19%";CREDIT;4,49;10000;"Bert Zimmerman, Magdeburg";;;10239
2025;346;2025-09-10;"2025-09-10 00:00:00";"Rechnung Nr 10239 vom 10.09.2025";4;8401;"Angewandte Medikamente 19% Umsatzsteuer";CREDIT;8,31;10000;"Bert Zimmerman, Magdeburg";;;10239
2025;346;2025-09-10;"2025-09-10 00:00:00";"Rechnung Nr 10239 vom 10.09.2025";5;1776;"Umsatzsteuer 19%";CREDIT;1,58;10000;"Bert Zimmerman, Magdeburg";;;10239
2025;347;2025-09-10;"2025-09-10 00:00:00";"Zahlung RgNr 10239";1;1200;Bank;DEBIT;38,00;10000;"Bert Zimmerman, Magdeburg";;;10239
2025;347;2025-09-10;"2025-09-10 00:00:00";"Zahlung RgNr 10239";2;1400;"Forderungen aus Lief. und Leist.";CREDIT;38,00;10000;"Bert Zimmerman, Magdeburg";;;10239
2025;348;2025-09-10;"2025-09-10 00:00:00";"Rechnung Nr 10240 vom 10.09.2025";1;1000;Kasse;DEBIT;73,36;;;;;10240
2025;348;2025-09-10;"2025-09-10 00:00:00";"Rechnung Nr 10240 vom 10.09.2025";2;8400;"Tierärztliche Leistungen 19% Ust.";CREDIT;52,61;;;;;10240
2025;348;2025-09-10;"2025-09-10 00:00:00";"Rechnung Nr 10240 vom 10.09.2025";3;1776;"Umsatzsteuer 19%";CREDIT;9,99;;;;;10240
2025;348;2025-09-10;"2025-09-10 00:00:00";"Rechnung Nr 10240 vom 10.09.2025";4;8401;"Angewandte Medikamente 19% Umsatzsteuer";CREDIT;0,40;;;;;10240
2025;348;2025-09-10;"2025-09-10 00:00:00";"Rechnung Nr 10240 vom 10.09.2025";5;1776;"Umsatzsteuer 19%";CREDIT;0,07;;;;;10240
2025;348;2025-09-10;"2025-09-10 00:00:00";"Rechnung Nr 10240 vom 10.09.2025";6;8402;"Abgegebene Medikamente 19% Umsatzsteuer";CREDIT;8,64;;;;;10240
2025;348;2025-09-10;"2025-09-10 00:00:00";"Rechnung Nr 10240 vom 10.09.2025";7;1776;"Umsatzsteuer 19%";CREDIT;1,64;;;;;10240
2025;348;2025-09-10;"2025-09-10 00:00:00";"Rechnung Nr 10240 vom 10.09.2025";8;1590;"Durchlaufende Posten";CREDIT;0,01;;;;;10240
2025;349;2025-09-10;"2025-09-10 00:00:00";"Storno Buchung 348";1;1000;Kasse;CREDIT;73,36;;;;;10240
2025;349;2025-09-10;"2025-09-10 00:00:00";"Storno Buchung 348";2;8400;"Tierärztliche Leistungen 19% Ust.";DEBIT;52,61;;;;;10240
2025;349;2025-09-10;"2025-09-10 00:00:00";"Storno Buchung 348";3;1776;"Umsatzsteuer 19%";DEBIT;9,99;;;;;10240
2025;349;2025-09-10;"2025-09-10 00:00:00";"Storno Buchung 348";4;8401;"Angewandte Medikamente 19% Umsatzsteuer";DEBIT;0,40;;;;;10240
2025;349;2025-09-10;"2025-09-10 00:00:00";"Storno Buchung 348";5;1776;"Umsatzsteuer 19%";DEBIT;0,07;;;;;10240
2025;349;2025-09-10;"2025-09-10 00:00:00";"Storno Buchung 348";6;8402;"Abgegebene Medikamente 19% Umsatzsteuer";DEBIT;8,64;;;;;10240
2025;349;2025-09-10;"2025-09-10 00:00:00";"Storno Buchung 348";7;1776;"Umsatzsteuer 19%";DEBIT;1,64;;;;;10240
2025;349;2025-09-10;"2025-09-10 00:00:00";"Storno Buchung 348";8;1590;"Durchlaufende Posten";DEBIT;0,01;;;;;10240
2025;350;2025-09-09;"2025-09-10 00:00:00";"Storno Buchung 342";1;1000;Kasse;CREDIT;985,32;;;;;10235
2025;350;2025-09-09;"2025-09-10 00:00:00";"Storno Buchung 342";2;8400;"Tierärztliche Leistungen 19% Ust.";DEBIT;828,00;;;;;10235
2025;350;2025-09-09;"2025-09-10 00:00:00";"Storno Buchung 342";3;1776;"Umsatzsteuer 19%";DEBIT;157,32;;;;;10235
2025;351;2025-09-09;"2025-09-10 00:00:00";"Rechnung Nr 10235 vom 09.09.2025";1;1000;Kasse;DEBIT;985,32;;;;;10235
2025;351;2025-09-09;"2025-09-10 00:00:00";"Rechnung Nr 10235 vom 09.09.2025";2;8400;"Tierärztliche Leistungen 19% Ust.";CREDIT;828,00;;;;;10235
2025;351;2025-09-09;"2025-09-10 00:00:00";"Rechnung Nr 10235 vom 09.09.2025";3;1776;"Umsatzsteuer 19%";CREDIT;157,32;;;;;10235
2025;352;2025-09-04;"2025-09-10 00:00:00";"Storno Buchung 334";1;1360;Geldtransit;CREDIT;71,42;;;;;10233
2025;352;2025-09-04;"2025-09-10 00:00:00";"Storno Buchung 334";2;8400;"Tierärztliche Leistungen 19% Ust.";DEBIT;60,02;;;;;10233
2025;352;2025-09-04;"2025-09-10 00:00:00";"Storno Buchung 334";3;1776;"Umsatzsteuer 19%";DEBIT;11,40;;;;;10233
2025;353;2025-09-04;"2025-09-10 00:00:00";"Rechnung Nr 10233 vom 04.09.2025";1;1000;Kasse;DEBIT;71,42;;;;;10233
2025;353;2025-09-04;"2025-09-10 00:00:00";"Rechnung Nr 10233 vom 04.09.2025";2;8400;"Tierärztliche Leistungen 19% Ust.";CREDIT;60,02;;;;;10233
2025;353;2025-09-04;"2025-09-10 00:00:00";"Rechnung Nr 10233 vom 04.09.2025";3;1776;"Umsatzsteuer 19%";CREDIT;11,40;;;;;10233
2025;354;2025-09-02;"2025-09-10 00:00:00";"Storno Buchung 320";1;1360;Geldtransit;CREDIT;28,11;;;;;10227
2025;354;2025-09-02;"2025-09-10 00:00:00";"Storno Buchung 320";2;8400;"Tierärztliche Leistungen 19% Ust.";DEBIT;23,62;;;;;10227
2025;354;2025-09-02;"2025-09-10 00:00:00";"Storno Buchung 320";3;1776;"Umsatzsteuer 19%";DEBIT;4,49;;;;;10227
2025;355;2025-09-02;"2025-09-10 00:00:00";"Rechnung Nr 10227 vom 02.09.2025";1;1000;Kasse;DEBIT;28,11;;;;;10227
2025;355;2025-09-02;"2025-09-10 00:00:00";"Rechnung Nr 10227 vom 02.09.2025";2;8400;"Tierärztliche Leistungen 19% Ust.";CREDIT;23,62;;;;;10227
2025;355;2025-09-02;"2025-09-10 00:00:00";"Rechnung Nr 10227 vom 02.09.2025";3;1776;"Umsatzsteuer 19%";CREDIT;4,49;;;;;10227
2025;356;2025-09-02;"2025-09-10 00:00:00";"Storno Buchung 319";1;1000;Kasse;CREDIT;151,03;;;;;10226
2025;356;2025-09-02;"2025-09-10 00:00:00";"Storno Buchung 319";2;8400;"Tierärztliche Leistungen 19% Ust.";DEBIT;126,92;;;;;10226
2025;356;2025-09-02;"2025-09-10 00:00:00";"Storno Buchung 319";3;1776;"Umsatzsteuer 19%";DEBIT;24,11;;;;;10226
2025;357;2025-09-02;"2025-09-10 00:00:00";"Rechnung Nr 10226 vom 02.09.2025";1;1360;Geldtransit;DEBIT;151,03;;;;;10226
2025;357;2025-09-02;"2025-09-10 00:00:00";"Rechnung Nr 10226 vom 02.09.2025";2;8400;"Tierärztliche Leistungen 19% Ust.";CREDIT;126,92;;;;;10226
2025;357;2025-09-02;"2025-09-10 00:00:00";"Rechnung Nr 10226 vom 02.09.2025";3;1776;"Umsatzsteuer 19%";CREDIT;24,11;;;;;10226
2025;358;2025-09-02;"2025-09-10 00:00:00";"Storno Buchung 357";1;1360;Geldtransit;CREDIT;151,03;;;;;10226
2025;358;2025-09-02;"2025-09-10 00:00:00";"Storno Buchung 357";2;8400;"Tierärztliche Leistungen 19% Ust.";DEBIT;126,92;;;;;10226
2025;358;2025-09-02;"2025-09-10 00:00:00";"Storno Buchung 357";3;1776;"Umsatzsteuer 19%";DEBIT;24,11;;;;;10226
2025;359;2025-09-02;"2025-09-10 00:00:00";"Rechnung Nr 10226 vom 02.09.2025";1;1360;Geldtransit;DEBIT;151,03;;;;;10226
2025;359;2025-09-02;"2025-09-10 00:00:00";"Rechnung Nr 10226 vom 02.09.2025";2;8400;"Tierärztliche Leistungen 19% Ust.";CREDIT;126,92;;;;;10226
2025;359;2025-09-02;"2025-09-10 00:00:00";"Rechnung Nr 10226 vom 02.09.2025";3;1776;"Umsatzsteuer 19%";CREDIT;24,11;;;;;10226
2025;360;2025-09-02;"2025-09-10 00:00:00";"Storno Buchung 359";1;1360;Geldtransit;CREDIT;151,03;;;;;10226
2025;360;2025-09-02;"2025-09-10 00:00:00";"Storno Buchung 359";2;8400;"Tierärztliche Leistungen 19% Ust.";DEBIT;126,92;;;;;10226
2025;360;2025-09-02;"2025-09-10 00:00:00";"Storno Buchung 359";3;1776;"Umsatzsteuer 19%";DEBIT;24,11;;;;;10226
2025;361;2025-09-02;"2025-09-10 00:00:00";"Rechnung Nr 10226 vom 02.09.2025";1;1400;"Forderungen aus Lief. und Leist.";DEBIT;151,03;10000;"Bert Zimmerman, Magdeburg";;;10226
2025;361;2025-09-02;"2025-09-10 00:00:00";"Rechnung Nr 10226 vom 02.09.2025";2;8400;"Tierärztliche Leistungen 19% Ust.";CREDIT;126,92;10000;"Bert Zimmerman, Magdeburg";;;10226
2025;361;2025-09-02;"2025-09-10 00:00:00";"Rechnung Nr 10226 vom 02.09.2025";3;1776;"Umsatzsteuer 19%";CREDIT;24,11;10000;"Bert Zimmerman, Magdeburg";;;10226
2025;362;2025-09-11;"2025-09-11 00:00:00";"Rechnung Nr 10241 vom 11.09.2025";1;1360;Geldtransit;DEBIT;42,16;;;;;10241
2025;362;2025-09-11;"2025-09-11 00:00:00";"Rechnung Nr 10241 vom 11.09.2025";2;8400;"Tierärztliche Leistungen 19% Ust.";CREDIT;35,43;;;;;10241
2025;362;2025-09-11;"2025-09-11 00:00:00";"Rechnung Nr 10241 vom 11.09.2025";3;1776;"Umsatzsteuer 19%";CREDIT;6,73;;;;;10241
2025;363;2025-09-11;"2025-09-11 00:00:00";"Zahlung RgNr 10232";1;1000;Kasse;DEBIT;35,22;130823;"Simone Schnurrbartfan, Musterstadt";;;10232
2025;363;2025-09-11;"2025-09-11 00:00:00";"Zahlung RgNr 10232";2;1400;"Forderungen aus Lief. und Leist.";CREDIT;35,22;130823;"Simone Schnurrbartfan, Musterstadt";;;10232
2025;364;2025-09-12;"2025-09-12 00:00:00";"Rechnung Nr 10242 vom 12.09.2025";1;1400;"Forderungen aus Lief. und Leist.";DEBIT;61,99;10005;"Franz Aufhausen, Berlin";;;10242
2025;364;2025-09-12;"2025-09-12 00:00:00";"Rechnung Nr 10242 vom 12.09.2025";2;8338;"Erlöse aus im Drittland steuerbaren Leistungen, im Inland nicht steuerbare Umsätze";CREDIT;49,13;10005;"Franz Aufhausen, Berlin";;;10242
2025;364;2025-09-12;"2025-09-12 00:00:00";"Rechnung Nr 10242 vom 12.09.2025";3;8338;"Erlöse aus im Drittland steuerbaren Leistungen, im Inland nicht steuerbare Umsätze";CREDIT;12,86;10005;"Franz Aufhausen, Berlin";;;10242
2025;365;2025-09-12;"2025-09-12 00:00:00";"Zahlung RgNr 10242";1;1200;Bank;DEBIT;61,99;10005;"Franz Aufhausen, Berlin";;;10242
2025;365;2025-09-12;"2025-09-12 00:00:00";"Zahlung RgNr 10242";2;1400;"Forderungen aus Lief. und Leist.";CREDIT;61,99;10005;"Franz Aufhausen, Berlin";;;10242
2025;366;2025-09-12;"2025-09-12 00:00:00";"Rechnung Nr 10243 vom 12.09.2025";1;1000;Kasse;DEBIT;81,25;;;;;10243
2025;366;2025-09-12;"2025-09-12 00:00:00";"Rechnung Nr 10243 vom 12.09.2025";2;8400;"Tierärztliche Leistungen 19% Ust.";CREDIT;68,28;;;;;10243
2025;366;2025-09-12;"2025-09-12 00:00:00";"Rechnung Nr 10243 vom 12.09.2025";3;1776;"Umsatzsteuer 19%";CREDIT;12,97;;;;;10243
2025;367;2025-09-15;"2025-09-15 00:00:00";"Rechnung Nr 10245 vom 15.09.2025";1;1400;"Forderungen aus Lief. und Leist.";DEBIT;154,02;10007;"Thomas Schweinsteiger, Berlin";;;10245
2025;367;2025-09-15;"2025-09-15 00:00:00";"Rechnung Nr 10245 vom 15.09.2025";2;8400;"Tierärztliche Leistungen 19% Ust.";CREDIT;103,28;10007;"Thomas Schweinsteiger, Berlin";;;10245
2025;367;2025-09-15;"2025-09-15 00:00:00";"Rechnung Nr 10245 vom 15.09.2025";3;1776;"Umsatzsteuer 19%";CREDIT;19,62;10007;"Thomas Schweinsteiger, Berlin";;;10245
2025;367;2025-09-15;"2025-09-15 00:00:00";"Rechnung Nr 10245 vom 15.09.2025";4;8401;"Angewandte Medikamente 19% Umsatzsteuer";CREDIT;26,15;10007;"Thomas Schweinsteiger, Berlin";;;10245
2025;367;2025-09-15;"2025-09-15 00:00:00";"Rechnung Nr 10245 vom 15.09.2025";5;1776;"Umsatzsteuer 19%";CREDIT;4,97;10007;"Thomas Schweinsteiger, Berlin";;;10245
2025;368;2025-09-15;"2025-09-15 00:00:00";"Zahlung RgNr 10245";1;1360;Geldtransit;DEBIT;154,02;10007;"Thomas Schweinsteiger, Berlin";;;10245
2025;368;2025-09-15;"2025-09-15 00:00:00";"Zahlung RgNr 10245";2;1400;"Forderungen aus Lief. und Leist.";CREDIT;154,02;10007;"Thomas Schweinsteiger, Berlin";;;10245
2025;369;2025-09-15;"2025-09-15 00:00:00";"Storno Buchung 368";1;1360;Geldtransit;CREDIT;154,02;10007;"Thomas Schweinsteiger, Berlin";;;10245
2025;369;2025-09-15;"2025-09-15 00:00:00";"Storno Buchung 368";2;1400;"Forderungen aus Lief. und Leist.";DEBIT;154,02;10007;"Thomas Schweinsteiger, Berlin";;;10245
2025;370;2025-09-15;"2025-09-15 00:00:00";"Storno Buchung 367";1;1400;"Forderungen aus Lief. und Leist.";CREDIT;154,02;10007;"Thomas Schweinsteiger, Berlin";;;10245
2025;370;2025-09-15;"2025-09-15 00:00:00";"Storno Buchung 367";2;8400;"Tierärztliche Leistungen 19% Ust.";DEBIT;103,28;10007;"Thomas Schweinsteiger, Berlin";;;10245
2025;370;2025-09-15;"2025-09-15 00:00:00";"Storno Buchung 367";3;1776;"Umsatzsteuer 19%";DEBIT;19,62;10007;"Thomas Schweinsteiger, Berlin";;;10245
2025;370;2025-09-15;"2025-09-15 00:00:00";"Storno Buchung 367";4;8401;"Angewandte Medikamente 19% Umsatzsteuer";DEBIT;26,15;10007;"Thomas Schweinsteiger, Berlin";;;10245
2025;370;2025-09-15;"2025-09-15 00:00:00";"Storno Buchung 367";5;1776;"Umsatzsteuer 19%";DEBIT;4,97;10007;"Thomas Schweinsteiger, Berlin";;;10245
2025;371;2025-09-15;"2025-09-15 00:00:00";"Rechnung Nr 10245 vom 15.09.2025";1;1400;"Forderungen aus Lief. und Leist.";DEBIT;154,02;10007;"Thomas Schweinsteiger, Berlin";;;10245
2025;371;2025-09-15;"2025-09-15 00:00:00";"Rechnung Nr 10245 vom 15.09.2025";2;8400;"Tierärztliche Leistungen 19% Ust.";CREDIT;103,28;10007;"Thomas Schweinsteiger, Berlin";;;10245
2025;371;2025-09-15;"2025-09-15 00:00:00";"Rechnung Nr 10245 vom 15.09.2025";3;1776;"Umsatzsteuer 19%";CREDIT;19,62;10007;"Thomas Schweinsteiger, Berlin";;;10245
2025;371;2025-09-15;"2025-09-15 00:00:00";"Rechnung Nr 10245 vom 15.09.2025";4;8401;"Angewandte Medikamente 19% Umsatzsteuer";CREDIT;26,15;10007;"Thomas Schweinsteiger, Berlin";;;10245
2025;371;2025-09-15;"2025-09-15 00:00:00";"Rechnung Nr 10245 vom 15.09.2025";5;1776;"Umsatzsteuer 19%";CREDIT;4,97;10007;"Thomas Schweinsteiger, Berlin";;;10245
2025;372;2025-09-15;"2025-09-15 00:00:00";"Rechnung Nr 10246 vom 15.09.2025";1;1400;"Forderungen aus Lief. und Leist.";DEBIT;86,57;130839;"Karen von Katzenlieb, Miauenstadt";;;10246
2025;372;2025-09-15;"2025-09-15 00:00:00";"Rechnung Nr 10246 vom 15.09.2025";2;8400;"Tierärztliche Leistungen 19% Ust.";CREDIT;61,94;130839;"Karen von Katzenlieb, Miauenstadt";;;10246
2025;372;2025-09-15;"2025-09-15 00:00:00";"Rechnung Nr 10246 vom 15.09.2025";3;1776;"Umsatzsteuer 19%";CREDIT;11,77;130839;"Karen von Katzenlieb, Miauenstadt";;;10246
2025;372;2025-09-15;"2025-09-15 00:00:00";"Rechnung Nr 10246 vom 15.09.2025";4;8401;"Angewandte Medikamente 19% Umsatzsteuer";CREDIT;10,81;130839;"Karen von Katzenlieb, Miauenstadt";;;10246
2025;372;2025-09-15;"2025-09-15 00:00:00";"Rechnung Nr 10246 vom 15.09.2025";5;1776;"Umsatzsteuer 19%";CREDIT;2,05;130839;"Karen von Katzenlieb, Miauenstadt";;;10246
2025;373;2025-09-15;"2025-09-15 00:00:00";"Rechnung Nr 10247 vom 15.09.2025";1;1000;Kasse;DEBIT;9,18;;;;;10247
2025;373;2025-09-15;"2025-09-15 00:00:00";"Rechnung Nr 10247 vom 15.09.2025";2;8400;"Tierärztliche Leistungen 19% Ust.";CREDIT;7,71;;;;;10247
2025;373;2025-09-15;"2025-09-15 00:00:00";"Rechnung Nr 10247 vom 15.09.2025";3;1776;"Umsatzsteuer 19%";CREDIT;1,47;;;;;10247
2025;374;2025-09-16;"2025-09-16 00:00:00";"Zahlung RgNr 10246";1;1200;Bank;DEBIT;86,57;130839;"Karen von Katzenlieb, Miauenstadt";;;10246
2025;374;2025-09-16;"2025-09-16 00:00:00";"Zahlung RgNr 10246";2;1400;"Forderungen aus Lief. und Leist.";CREDIT;86,57;130839;"Karen von Katzenlieb, Miauenstadt";;;10246
2025;375;2025-09-16;"2025-09-16 00:00:00";"Rechnung Nr 10248 vom 16.09.2025";1;1360;Geldtransit;DEBIT;28,11;;;;;10248
2025;375;2025-09-16;"2025-09-16 00:00:00";"Rechnung Nr 10248 vom 16.09.2025";2;8400;"Tierärztliche Leistungen 19% Ust.";CREDIT;23,62;;;;;10248
2025;375;2025-09-16;"2025-09-16 00:00:00";"Rechnung Nr 10248 vom 16.09.2025";3;1776;"Umsatzsteuer 19%";CREDIT;4,49;;;;;10248
2025;376;2025-09-15;"2025-09-17 00:00:00";"Storno Buchung 372";1;1400;"Forderungen aus Lief. und Leist.";CREDIT;86,57;130839;"Karen von Katzenlieb, Miauenstadt";;;10246
2025;376;2025-09-15;"2025-09-17 00:00:00";"Storno Buchung 372";2;8400;"Tierärztliche Leistungen 19% Ust.";DEBIT;61,94;130839;"Karen von Katzenlieb, Miauenstadt";;;10246
2025;376;2025-09-15;"2025-09-17 00:00:00";"Storno Buchung 372";3;1776;"Umsatzsteuer 19%";DEBIT;11,77;130839;"Karen von Katzenlieb, Miauenstadt";;;10246
2025;376;2025-09-15;"2025-09-17 00:00:00";"Storno Buchung 372";4;8401;"Angewandte Medikamente 19% Umsatzsteuer";DEBIT;10,81;130839;"Karen von Katzenlieb, Miauenstadt";;;10246
2025;376;2025-09-15;"2025-09-17 00:00:00";"Storno Buchung 372";5;1776;"Umsatzsteuer 19%";DEBIT;2,05;130839;"Karen von Katzenlieb, Miauenstadt";;;10246
2025;377;2025-09-17;"2025-09-17 00:00:00";"Rechnung Nr 10246 vom 17.09.2025";1;1360;Geldtransit;DEBIT;111,65;;;;;10246
2025;377;2025-09-17;"2025-09-17 00:00:00";"Rechnung Nr 10246 vom 17.09.2025";2;8400;"Tierärztliche Leistungen 19% Ust.";CREDIT;64,77;;;;;10246
2025;377;2025-09-17;"2025-09-17 00:00:00";"Rechnung Nr 10246 vom 17.09.2025";3;1776;"Umsatzsteuer 19%";CREDIT;12,31;;;;;10246
2025;377;2025-09-17;"2025-09-17 00:00:00";"Rechnung Nr 10246 vom 17.09.2025";4;8401;"Angewandte Medikamente 19% Umsatzsteuer";CREDIT;29,05;;;;;10246
2025;377;2025-09-17;"2025-09-17 00:00:00";"Rechnung Nr 10246 vom 17.09.2025";5;1776;"Umsatzsteuer 19%";CREDIT;5,52;;;;;10246
2025;378;2025-09-17;"2025-09-17 00:00:00";"Rechnung Nr 202510249 vom 17.09.2025";1;1360;Geldtransit;DEBIT;28,11;;;;;202510249
2025;378;2025-09-17;"2025-09-17 00:00:00";"Rechnung Nr 202510249 vom 17.09.2025";2;8400;"Tierärztliche Leistungen 19% Ust.";CREDIT;23,62;;;;;202510249
2025;378;2025-09-17;"2025-09-17 00:00:00";"Rechnung Nr 202510249 vom 17.09.2025";3;1776;"Umsatzsteuer 19%";CREDIT;4,49;;;;;202510249
2025;379;2025-09-18;"2025-09-18 00:00:00";"Rechnung Nr 20252822 vom 18.09.2025";1;1360;Geldtransit;DEBIT;55,17;;;;;20252822
2025;379;2025-09-18;"2025-09-18 00:00:00";"Rechnung Nr 20252822 vom 18.09.2025";2;8400;"Tierärztliche Leistungen 19% Ust.";CREDIT;42,52;;;;;20252822
2025;379;2025-09-18;"2025-09-18 00:00:00";"Rechnung Nr 20252822 vom 18.09.2025";3;1776;"Umsatzsteuer 19%";CREDIT;8,08;;;;;20252822
2025;379;2025-09-18;"2025-09-18 00:00:00";"Rechnung Nr 20252822 vom 18.09.2025";4;8402;"Abgegebene Medikamente 19% Umsatzsteuer";CREDIT;3,84;;;;;20252822
2025;379;2025-09-18;"2025-09-18 00:00:00";"Rechnung Nr 20252822 vom 18.09.2025";5;1776;"Umsatzsteuer 19%";CREDIT;0,73;;;;;20252822
2025;380;2025-09-19;"2025-09-19 00:00:00";"Rechnung Nr 20252823 vom 19.09.2025";1;1400;"Forderungen aus Lief. und Leist.";DEBIT;196,64;10011;"Thomas Hammer, Meinhard";;;20252823
2025;380;2025-09-19;"2025-09-19 00:00:00";"Rechnung Nr 20252823 vom 19.09.2025";2;8400;"Tierärztliche Leistungen 19% Ust.";CREDIT;39,90;10011;"Thomas Hammer, Meinhard";;;20252823
2025;380;2025-09-19;"2025-09-19 00:00:00";"Rechnung Nr 20252823 vom 19.09.2025";3;1776;"Umsatzsteuer 19%";CREDIT;7,58;10011;"Thomas Hammer, Meinhard";;;20252823
2025;380;2025-09-19;"2025-09-19 00:00:00";"Rechnung Nr 20252823 vom 19.09.2025";4;8401;"Angewandte Medikamente 19% Umsatzsteuer";CREDIT;125,34;10011;"Thomas Hammer, Meinhard";;;20252823
2025;380;2025-09-19;"2025-09-19 00:00:00";"Rechnung Nr 20252823 vom 19.09.2025";5;1776;"Umsatzsteuer 19%";CREDIT;23,82;10011;"Thomas Hammer, Meinhard";;;20252823
2025;381;2025-09-19;"2025-09-19 00:00:00";"Zahlung RgNr 20252823";1;1200;Bank;DEBIT;196,64;10011;"Thomas Hammer, Meinhard";;;20252823
2025;381;2025-09-19;"2025-09-19 00:00:00";"Zahlung RgNr 20252823";2;1400;"Forderungen aus Lief. und Leist.";CREDIT;196,64;10011;"Thomas Hammer, Meinhard";;;20252823
2025;382;2025-09-19;"2025-09-19 00:00:00";"Rechnung Nr 20252824 vom 19.09.2025";1;1360;Geldtransit;DEBIT;63,21;;;;;20252824
2025;382;2025-09-19;"2025-09-19 00:00:00";"Rechnung Nr 20252824 vom 19.09.2025";2;8400;"Tierärztliche Leistungen 19% Ust.";CREDIT;49,28;;;;;20252824
2025;382;2025-09-19;"2025-09-19 00:00:00";"Rechnung Nr 20252824 vom 19.09.2025";3;1776;"Umsatzsteuer 19%";CREDIT;9,36;;;;;20252824
2025;382;2025-09-19;"2025-09-19 00:00:00";"Rechnung Nr 20252824 vom 19.09.2025";4;8402;"Abgegebene Medikamente 19% Umsatzsteuer";CREDIT;3,84;;;;;20252824
2025;382;2025-09-19;"2025-09-19 00:00:00";"Rechnung Nr 20252824 vom 19.09.2025";5;1776;"Umsatzsteuer 19%";CREDIT;0,73;;;;;20252824
2025;389;2025-09-22;"2025-09-22 00:00:00";"Rechnung Nr 20252825 vom 22.09.2025";1;1000;Kasse;DEBIT;46,74;;;;;20252825
2025;389;2025-09-22;"2025-09-22 00:00:00";"Rechnung Nr 20252825 vom 22.09.2025";2;8401;"Angewandte Medikamente 19% Umsatzsteuer";CREDIT;3,84;;;;;20252825
2025;389;2025-09-22;"2025-09-22 00:00:00";"Rechnung Nr 20252825 vom 22.09.2025";3;1776;"Umsatzsteuer 19%";CREDIT;0,73;;;;;20252825
2025;389;2025-09-22;"2025-09-22 00:00:00";"Rechnung Nr 20252825 vom 22.09.2025";4;8400;"Tierärztliche Leistungen 19% Ust.";CREDIT;35,44;;;;;20252825
2025;389;2025-09-22;"2025-09-22 00:00:00";"Rechnung Nr 20252825 vom 22.09.2025";5;1776;"Umsatzsteuer 19%";CREDIT;6,73;;;;;20252825
2025;390;2025-09-20;"2025-09-22 00:00:00";"Zahlung RgNr 10206";1;1200;Bank;DEBIT;57,31;10011;"Thomas Hammer, Meinhard";;;10206
2025;390;2025-09-20;"2025-09-22 00:00:00";"Zahlung RgNr 10206";2;1400;"Forderungen aus Lief. und Leist.";CREDIT;57,31;10011;"Thomas Hammer, Meinhard";;;10206
2025;392;2025-09-22;"2025-09-22 00:00:00";"Rechnung Nr 20252827 vom 22.09.2025";1;1400;"Forderungen aus Lief. und Leist.";DEBIT;205,90;130821;"Imke Niewöhner";;;20252827
2025;392;2025-09-22;"2025-09-22 00:00:00";"Rechnung Nr 20252827 vom 22.09.2025";2;8402;"Abgegebene Medikamente 19% Umsatzsteuer";CREDIT;22,86;130821;"Imke Niewöhner";;;20252827
2025;392;2025-09-22;"2025-09-22 00:00:00";"Rechnung Nr 20252827 vom 22.09.2025";3;1776;"Umsatzsteuer 19%";CREDIT;4,34;130821;"Imke Niewöhner";;;20252827
2025;392;2025-09-22;"2025-09-22 00:00:00";"Rechnung Nr 20252827 vom 22.09.2025";4;8400;"Tierärztliche Leistungen 19% Ust.";CREDIT;150,17;130821;"Imke Niewöhner";;;20252827
2025;392;2025-09-22;"2025-09-22 00:00:00";"Rechnung Nr 20252827 vom 22.09.2025";5;1776;"Umsatzsteuer 19%";CREDIT;28,53;130821;"Imke Niewöhner";;;20252827
2025;393;2025-09-22;"2025-09-22 00:00:00";"Rechnung Nr 20252828 vom 22.09.2025";1;1360;Geldtransit;DEBIT;372,35;;;;;20252828
2025;393;2025-09-22;"2025-09-22 00:00:00";"Rechnung Nr 20252828 vom 22.09.2025";2;8400;"Tierärztliche Leistungen 19% Ust.";CREDIT;263,07;;;;;20252828
2025;393;2025-09-22;"2025-09-22 00:00:00";"Rechnung Nr 20252828 vom 22.09.2025";3;1776;"Umsatzsteuer 19%";CREDIT;49,98;;;;;20252828
2025;393;2025-09-22;"2025-09-22 00:00:00";"Rechnung Nr 20252828 vom 22.09.2025";4;8401;"Angewandte Medikamente 19% Umsatzsteuer";CREDIT;41,52;;;;;20252828
2025;393;2025-09-22;"2025-09-22 00:00:00";"Rechnung Nr 20252828 vom 22.09.2025";5;1776;"Umsatzsteuer 19%";CREDIT;7,89;;;;;20252828
2025;393;2025-09-22;"2025-09-22 00:00:00";"Rechnung Nr 20252828 vom 22.09.2025";6;8402;"Abgegebene Medikamente 19% Umsatzsteuer";CREDIT;8,31;;;;;20252828
2025;393;2025-09-22;"2025-09-22 00:00:00";"Rechnung Nr 20252828 vom 22.09.2025";7;1776;"Umsatzsteuer 19%";CREDIT;1,58;;;;;20252828
2025;394;2025-09-22;"2025-09-22 00:00:00";"Rechnung Nr 20252829 vom 22.09.2025";1;1360;Geldtransit;DEBIT;8,15;;;;;20252829
2025;394;2025-09-22;"2025-09-22 00:00:00";"Rechnung Nr 20252829 vom 22.09.2025";2;8301;"Angewandte Medikamente 7 % USt";CREDIT;7,62;;;;;20252829
2025;394;2025-09-22;"2025-09-22 00:00:00";"Rechnung Nr 20252829 vom 22.09.2025";3;1771;"Umsatzsteuer 7%";CREDIT;0,53;;;;;20252829
2025;395;2025-09-22;"2025-09-22 00:00:00";"Rechnung Nr 20252830 vom 22.09.2025";1;1000;Kasse;DEBIT;114,56;;;;;20252830
2025;395;2025-09-22;"2025-09-22 00:00:00";"Rechnung Nr 20252830 vom 22.09.2025";2;8338;"Erlöse aus im Drittland steuerbaren Leistungen, im Inland nicht steuerbare Umsätze";CREDIT;101,78;;;;;20252830
2025;395;2025-09-22;"2025-09-22 00:00:00";"Rechnung Nr 20252830 vom 22.09.2025";3;8338;"Erlöse aus im Drittland steuerbaren Leistungen, im Inland nicht steuerbare Umsätze";CREDIT;12,78;;;;;20252830
2025;396;2025-09-23;"2025-09-23 00:00:00";"Rechnung Nr 20252831 vom 23.09.2025";1;1000;Kasse;DEBIT;103,11;;;;;20252831
2025;396;2025-09-23;"2025-09-23 00:00:00";"Rechnung Nr 20252831 vom 23.09.2025";2;8400;"Tierärztliche Leistungen 19% Ust.";CREDIT;76,98;;;;;20252831
2025;396;2025-09-23;"2025-09-23 00:00:00";"Rechnung Nr 20252831 vom 23.09.2025";3;1776;"Umsatzsteuer 19%";CREDIT;14,63;;;;;20252831
2025;396;2025-09-23;"2025-09-23 00:00:00";"Rechnung Nr 20252831 vom 23.09.2025";4;8401;"Angewandte Medikamente 19% Umsatzsteuer";CREDIT;9,67;;;;;20252831
2025;396;2025-09-23;"2025-09-23 00:00:00";"Rechnung Nr 20252831 vom 23.09.2025";5;1776;"Umsatzsteuer 19%";CREDIT;1,84;;;;;20252831
2025;396;2025-09-23;"2025-09-23 00:00:00";"Rechnung Nr 20252831 vom 23.09.2025";6;1590;"Durchlaufende Posten";DEBIT;0,01;;;;;20252831
2025;397;2025-09-24;"2025-09-24 00:00:00";"Rechnung Nr 20252832 vom 24.09.2025";1;1400;"Forderungen aus Lief. und Leist.";DEBIT;42,17;10004;"Hanna Katzenspaß, Düsseldorf";;;20252832
2025;397;2025-09-24;"2025-09-24 00:00:00";"Rechnung Nr 20252832 vom 24.09.2025";2;8400;"Tierärztliche Leistungen 19% Ust.";CREDIT;35,44;10004;"Hanna Katzenspaß, Düsseldorf";;;20252832
2025;397;2025-09-24;"2025-09-24 00:00:00";"Rechnung Nr 20252832 vom 24.09.2025";3;1776;"Umsatzsteuer 19%";CREDIT;6,73;10004;"Hanna Katzenspaß, Düsseldorf";;;20252832
2025;398;2025-09-24;"2025-09-24 00:00:00";"Rechnung Nr 20252833 vom 24.09.2025";1;1000;Kasse;DEBIT;42,17;;;;;20252833
2025;398;2025-09-24;"2025-09-24 00:00:00";"Rechnung Nr 20252833 vom 24.09.2025";2;8400;"Tierärztliche Leistungen 19% Ust.";CREDIT;35,44;;;;;20252833
2025;398;2025-09-24;"2025-09-24 00:00:00";"Rechnung Nr 20252833 vom 24.09.2025";3;1776;"Umsatzsteuer 19%";CREDIT;6,73;;;;;20252833
2025;399;2025-09-24;"2025-09-24 00:00:00";"Rechnung Nr 20252834 vom 24.09.2025";1;1360;Geldtransit;DEBIT;84,32;;;;;20252834
2025;399;2025-09-24;"2025-09-24 00:00:00";"Rechnung Nr 20252834 vom 24.09.2025";2;8400;"Tierärztliche Leistungen 19% Ust.";CREDIT;70,86;;;;;20252834
2025;399;2025-09-24;"2025-09-24 00:00:00";"Rechnung Nr 20252834 vom 24.09.2025";3;1776;"Umsatzsteuer 19%";CREDIT;13,46;;;;;20252834
2025;400;2025-09-24;"2025-09-24 00:00:00";"Rechnung Nr 20252835 vom 24.09.2025";1;1000;Kasse;DEBIT;46,74;;;;;20252835
2025;400;2025-09-24;"2025-09-24 00:00:00";"Rechnung Nr 20252835 vom 24.09.2025";2;8400;"Tierärztliche Leistungen 19% Ust.";CREDIT;35,44;;;;;20252835
2025;400;2025-09-24;"2025-09-24 00:00:00";"Rechnung Nr 20252835 vom 24.09.2025";3;1776;"Umsatzsteuer 19%";CREDIT;6,73;;;;;20252835
2025;400;2025-09-24;"2025-09-24 00:00:00";"Rechnung Nr 20252835 vom 24.09.2025";4;8402;"Abgegebene Medikamente 19% Umsatzsteuer";CREDIT;3,84;;;;;20252835
2025;400;2025-09-24;"2025-09-24 00:00:00";"Rechnung Nr 20252835 vom 24.09.2025";5;1776;"Umsatzsteuer 19%";CREDIT;0,73;;;;;20252835
2025;401;2025-09-24;"2025-09-24 00:00:00";"Storno Buchung 400";1;1000;Kasse;CREDIT;46,74;;;;;20252835
2025;401;2025-09-24;"2025-09-24 00:00:00";"Storno Buchung 400";2;8400;"Tierärztliche Leistungen 19% Ust.";DEBIT;35,44;;;;;20252835
2025;401;2025-09-24;"2025-09-24 00:00:00";"Storno Buchung 400";3;1776;"Umsatzsteuer 19%";DEBIT;6,73;;;;;20252835
2025;401;2025-09-24;"2025-09-24 00:00:00";"Storno Buchung 400";4;8402;"Abgegebene Medikamente 19% Umsatzsteuer";DEBIT;3,84;;;;;20252835
2025;401;2025-09-24;"2025-09-24 00:00:00";"Storno Buchung 400";5;1776;"Umsatzsteuer 19%";DEBIT;0,73;;;;;20252835
2025;402;2025-09-25;"2025-09-25 00:00:00";"Rechnung Nr 20252836 vom 25.09.2025";1;1400;"Forderungen aus Lief. und Leist.";DEBIT;47,35;10000;"Bert Zimmerman, Magdeburg";;;20252836
2025;402;2025-09-25;"2025-09-25 00:00:00";"Rechnung Nr 20252836 vom 25.09.2025";2;8400;"Tierärztliche Leistungen 19% Ust.";CREDIT;35,43;10000;"Bert Zimmerman, Magdeburg";;;20252836
2025;402;2025-09-25;"2025-09-25 00:00:00";"Rechnung Nr 20252836 vom 25.09.2025";3;1776;"Umsatzsteuer 19%";CREDIT;6,73;10000;"Bert Zimmerman, Magdeburg";;;20252836
2025;402;2025-09-25;"2025-09-25 00:00:00";"Rechnung Nr 20252836 vom 25.09.2025";4;8401;"Angewandte Medikamente 19% Umsatzsteuer";CREDIT;0,52;10000;"Bert Zimmerman, Magdeburg";;;20252836
2025;402;2025-09-25;"2025-09-25 00:00:00";"Rechnung Nr 20252836 vom 25.09.2025";5;1776;"Umsatzsteuer 19%";CREDIT;0,10;10000;"Bert Zimmerman, Magdeburg";;;20252836
2025;402;2025-09-25;"2025-09-25 00:00:00";"Rechnung Nr 20252836 vom 25.09.2025";6;8402;"Abgegebene Medikamente 19% Umsatzsteuer";CREDIT;3,84;10000;"Bert Zimmerman, Magdeburg";;;20252836
2025;402;2025-09-25;"2025-09-25 00:00:00";"Rechnung Nr 20252836 vom 25.09.2025";7;1776;"Umsatzsteuer 19%";CREDIT;0,73;10000;"Bert Zimmerman, Magdeburg";;;20252836
2025;403;2025-09-25;"2025-09-25 00:00:00";"Rechnung Nr 20252837 vom 25.09.2025";1;1360;Geldtransit;DEBIT;42,16;;;;;20252837
2025;403;2025-09-25;"2025-09-25 00:00:00";"Rechnung Nr 20252837 vom 25.09.2025";2;8400;"Tierärztliche Leistungen 19% Ust.";CREDIT;35,43;;;;;20252837
2025;403;2025-09-25;"2025-09-25 00:00:00";"Rechnung Nr 20252837 vom 25.09.2025";3;1776;"Umsatzsteuer 19%";CREDIT;6,73;;;;;20252837
2025;404;2025-09-25;"2025-09-25 00:00:00";"Rechnung Nr 20252838 vom 25.09.2025";1;1400;"Forderungen aus Lief. und Leist.";DEBIT;42,17;130899;"Mareike Scholz, Hatten";;;20252838
2025;404;2025-09-25;"2025-09-25 00:00:00";"Rechnung Nr 20252838 vom 25.09.2025";2;8400;"Tierärztliche Leistungen 19% Ust.";CREDIT;35,44;130899;"Mareike Scholz, Hatten";;;20252838
2025;404;2025-09-25;"2025-09-25 00:00:00";"Rechnung Nr 20252838 vom 25.09.2025";3;1776;"Umsatzsteuer 19%";CREDIT;6,73;130899;"Mareike Scholz, Hatten";;;20252838
2025;405;2025-09-25;"2025-09-25 00:00:00";"Zahlung RgNr 20252827";1;1000;Kasse;DEBIT;205,90;130821;"Imke Niewöhner";;;20252827
2025;405;2025-09-25;"2025-09-25 00:00:00";"Zahlung RgNr 20252827";2;1400;"Forderungen aus Lief. und Leist.";CREDIT;205,90;130821;"Imke Niewöhner";;;20252827
2025;406;2025-09-25;"2025-09-25 00:00:00";"Rechnung Nr 20252839 vom 25.09.2025";1;1000;Kasse;DEBIT;43,41;;;;;20252839
2025;406;2025-09-25;"2025-09-25 00:00:00";"Rechnung Nr 20252839 vom 25.09.2025";2;8400;"Tierärztliche Leistungen 19% Ust.";CREDIT;32,12;;;;;20252839
2025;406;2025-09-25;"2025-09-25 00:00:00";"Rechnung Nr 20252839 vom 25.09.2025";3;1776;"Umsatzsteuer 19%";CREDIT;6,10;;;;;20252839
2025;406;2025-09-25;"2025-09-25 00:00:00";"Rechnung Nr 20252839 vom 25.09.2025";4;8401;"Angewandte Medikamente 19% Umsatzsteuer";CREDIT;4,36;;;;;20252839
2025;406;2025-09-25;"2025-09-25 00:00:00";"Rechnung Nr 20252839 vom 25.09.2025";5;1776;"Umsatzsteuer 19%";CREDIT;0,83;;;;;20252839
2025;407;2025-09-26;"2025-09-26 00:00:00";"Rechnung Nr 20252840 vom 26.09.2025";1;1000;Kasse;DEBIT;43,54;;;;;20252840
2025;407;2025-09-26;"2025-09-26 00:00:00";"Rechnung Nr 20252840 vom 26.09.2025";2;8400;"Tierärztliche Leistungen 19% Ust.";CREDIT;35,43;;;;;20252840
2025;407;2025-09-26;"2025-09-26 00:00:00";"Rechnung Nr 20252840 vom 26.09.2025";3;1776;"Umsatzsteuer 19%";CREDIT;6,73;;;;;20252840
2025;407;2025-09-26;"2025-09-26 00:00:00";"Rechnung Nr 20252840 vom 26.09.2025";4;8401;"Angewandte Medikamente 19% Umsatzsteuer";CREDIT;0,43;;;;;20252840
2025;407;2025-09-26;"2025-09-26 00:00:00";"Rechnung Nr 20252840 vom 26.09.2025";5;1776;"Umsatzsteuer 19%";CREDIT;0,08;;;;;20252840
2025;407;2025-09-26;"2025-09-26 00:00:00";"Rechnung Nr 20252840 vom 26.09.2025";6;8402;"Abgegebene Medikamente 19% Umsatzsteuer";CREDIT;0,73;;;;;20252840
2025;407;2025-09-26;"2025-09-26 00:00:00";"Rechnung Nr 20252840 vom 26.09.2025";7;1776;"Umsatzsteuer 19%";CREDIT;0,14;;;;;20252840
2025;408;2025-09-26;"2025-09-26 00:00:00";"Rechnung Nr 20252841 vom 26.09.2025";1;1000;Kasse;DEBIT;42,16;;;;;20252841
2025;408;2025-09-26;"2025-09-26 00:00:00";"Rechnung Nr 20252841 vom 26.09.2025";2;8400;"Tierärztliche Leistungen 19% Ust.";CREDIT;35,43;;;;;20252841
2025;408;2025-09-26;"2025-09-26 00:00:00";"Rechnung Nr 20252841 vom 26.09.2025";3;1776;"Umsatzsteuer 19%";CREDIT;6,73;;;;;20252841
2025;409;2025-09-26;"2025-09-26 00:00:00";"Zahlung RgNr 20252836";1;1200;Bank;DEBIT;47,35;10000;"Bert Zimmerman, Magdeburg";;;20252836
2025;409;2025-09-26;"2025-09-26 00:00:00";"Zahlung RgNr 20252836";2;1400;"Forderungen aus Lief. und Leist.";CREDIT;47,35;10000;"Bert Zimmerman, Magdeburg";;;20252836
2025;413;2025-09-29;"2025-09-29 00:00:00";"Rechnung Nr 20252842 vom 29.09.2025";1;1360;Geldtransit;DEBIT;50,72;;;;;20252842
2025;413;2025-09-29;"2025-09-29 00:00:00";"Rechnung Nr 20252842 vom 29.09.2025";2;8400;"Tierärztliche Leistungen 19% Ust.";CREDIT;38,24;;;;;20252842
2025;413;2025-09-29;"2025-09-29 00:00:00";"Rechnung Nr 20252842 vom 29.09.2025";3;1776;"Umsatzsteuer 19%";CREDIT;7,26;;;;;20252842
2025;413;2025-09-29;"2025-09-29 00:00:00";"Rechnung Nr 20252842 vom 29.09.2025";4;8401;"Angewandte Medikamente 19% Umsatzsteuer";CREDIT;0,54;;;;;20252842
2025;413;2025-09-29;"2025-09-29 00:00:00";"Rechnung Nr 20252842 vom 29.09.2025";5;1776;"Umsatzsteuer 19%";CREDIT;0,10;;;;;20252842
2025;413;2025-09-29;"2025-09-29 00:00:00";"Rechnung Nr 20252842 vom 29.09.2025";6;8402;"Abgegebene Medikamente 19% Umsatzsteuer";CREDIT;3,84;;;;;20252842
2025;413;2025-09-29;"2025-09-29 00:00:00";"Rechnung Nr 20252842 vom 29.09.2025";7;1776;"Umsatzsteuer 19%";CREDIT;0,73;;;;;20252842
2025;413;2025-09-29;"2025-09-29 00:00:00";"Rechnung Nr 20252842 vom 29.09.2025";8;1590;"Durchlaufende Posten";CREDIT;0,01;;;;;20252842
2025;414;2025-09-30;"2025-09-30 00:00:00";"Rechnung Nr 20252843 vom 30.09.2025";1;1400;"Forderungen aus Lief. und Leist.";DEBIT;43,66;10004;"Hanna Katzenspaß, Düsseldorf";;;20252843
2025;414;2025-09-30;"2025-09-30 00:00:00";"Rechnung Nr 20252843 vom 30.09.2025";2;8400;"Tierärztliche Leistungen 19% Ust.";CREDIT;35,44;10004;"Hanna Katzenspaß, Düsseldorf";;;20252843
2025;414;2025-09-30;"2025-09-30 00:00:00";"Rechnung Nr 20252843 vom 30.09.2025";3;1776;"Umsatzsteuer 19%";CREDIT;6,73;10004;"Hanna Katzenspaß, Düsseldorf";;;20252843
2025;414;2025-09-30;"2025-09-30 00:00:00";"Rechnung Nr 20252843 vom 30.09.2025";4;8401;"Angewandte Medikamente 19% Umsatzsteuer";CREDIT;0,52;10004;"Hanna Katzenspaß, Düsseldorf";;;20252843
2025;414;2025-09-30;"2025-09-30 00:00:00";"Rechnung Nr 20252843 vom 30.09.2025";5;1776;"Umsatzsteuer 19%";CREDIT;0,10;10004;"Hanna Katzenspaß, Düsseldorf";;;20252843
2025;414;2025-09-30;"2025-09-30 00:00:00";"Rechnung Nr 20252843 vom 30.09.2025";6;8402;"Abgegebene Medikamente 19% Umsatzsteuer";CREDIT;0,73;10004;"Hanna Katzenspaß, Düsseldorf";;;20252843
2025;414;2025-09-30;"2025-09-30 00:00:00";"Rechnung Nr 20252843 vom 30.09.2025";7;1776;"Umsatzsteuer 19%";CREDIT;0,14;10004;"Hanna Katzenspaß, Düsseldorf";;;20252843
2025;415;2025-09-30;"2025-09-30 00:00:00";"Storno Buchung 414";1;1400;"Forderungen aus Lief. und Leist.";CREDIT;43,66;10004;"Hanna Katzenspaß, Düsseldorf";;;20252843
2025;415;2025-09-30;"2025-09-30 00:00:00";"Storno Buchung 414";2;8400;"Tierärztliche Leistungen 19% Ust.";DEBIT;35,44;10004;"Hanna Katzenspaß, Düsseldorf";;;20252843
2025;415;2025-09-30;"2025-09-30 00:00:00";"Storno Buchung 414";3;1776;"Umsatzsteuer 19%";DEBIT;6,73;10004;"Hanna Katzenspaß, Düsseldorf";;;20252843
2025;415;2025-09-30;"2025-09-30 00:00:00";"Storno Buchung 414";4;8401;"Angewandte Medikamente 19% Umsatzsteuer";DEBIT;0,52;10004;"Hanna Katzenspaß, Düsseldorf";;;20252843
2025;415;2025-09-30;"2025-09-30 00:00:00";"Storno Buchung 414";5;1776;"Umsatzsteuer 19%";DEBIT;0,10;10004;"Hanna Katzenspaß, Düsseldorf";;;20252843
2025;415;2025-09-30;"2025-09-30 00:00:00";"Storno Buchung 414";6;8402;"Abgegebene Medikamente 19% Umsatzsteuer";DEBIT;0,73;10004;"Hanna Katzenspaß, Düsseldorf";;;20252843
2025;415;2025-09-30;"2025-09-30 00:00:00";"Storno Buchung 414";7;1776;"Umsatzsteuer 19%";DEBIT;0,14;10004;"Hanna Katzenspaß, Düsseldorf";;;20252843
2025;416;2025-09-24;"2025-09-30 00:00:00";"Rechnung Nr 20252835 vom 24.09.2025";1;1000;Kasse;DEBIT;46,74;;;;;20252835
2025;416;2025-09-24;"2025-09-30 00:00:00";"Rechnung Nr 20252835 vom 24.09.2025";2;8400;"Tierärztliche Leistungen 19% Ust.";CREDIT;35,44;;;;;20252835
2025;416;2025-09-24;"2025-09-30 00:00:00";"Rechnung Nr 20252835 vom 24.09.2025";3;1776;"Umsatzsteuer 19%";CREDIT;6,73;;;;;20252835
2025;416;2025-09-24;"2025-09-30 00:00:00";"Rechnung Nr 20252835 vom 24.09.2025";4;8402;"Abgegebene Medikamente 19% Umsatzsteuer";CREDIT;3,84;;;;;20252835
2025;416;2025-09-24;"2025-09-30 00:00:00";"Rechnung Nr 20252835 vom 24.09.2025";5;1776;"Umsatzsteuer 19%";CREDIT;0,73;;;;;20252835
2025;417;2025-10-02;"2025-10-02 00:00:00";"Rechnung Nr 20252845 vom 02.10.2025";1;1000;Kasse;DEBIT;82,97;;;;;20252845
2025;417;2025-10-02;"2025-10-02 00:00:00";"Rechnung Nr 20252845 vom 02.10.2025";2;8400;"Tierärztliche Leistungen 19% Ust.";CREDIT;35,43;;;;;20252845
2025;417;2025-10-02;"2025-10-02 00:00:00";"Rechnung Nr 20252845 vom 02.10.2025";3;1776;"Umsatzsteuer 19%";CREDIT;6,73;;;;;20252845
2025;417;2025-10-02;"2025-10-02 00:00:00";"Rechnung Nr 20252845 vom 02.10.2025";4;8402;"Abgegebene Medikamente 19% Umsatzsteuer";CREDIT;33,77;;;;;20252845
2025;417;2025-10-02;"2025-10-02 00:00:00";"Rechnung Nr 20252845 vom 02.10.2025";5;1776;"Umsatzsteuer 19%";CREDIT;6,42;;;;;20252845
2025;417;2025-10-02;"2025-10-02 00:00:00";"Rechnung Nr 20252845 vom 02.10.2025";6;8401;"Angewandte Medikamente 19% Umsatzsteuer";CREDIT;0,52;;;;;20252845
2025;417;2025-10-02;"2025-10-02 00:00:00";"Rechnung Nr 20252845 vom 02.10.2025";7;1776;"Umsatzsteuer 19%";CREDIT;0,10;;;;;20252845
2025;418;2025-10-02;"2025-10-02 00:00:00";"Rechnung Nr 20252846 vom 02.10.2025";1;1000;Kasse;DEBIT;40,19;;;;;20252846
2025;418;2025-10-02;"2025-10-02 00:00:00";"Rechnung Nr 20252846 vom 02.10.2025";2;8401;"Angewandte Medikamente 19% Umsatzsteuer";CREDIT;33,77;;;;;20252846
2025;418;2025-10-02;"2025-10-02 00:00:00";"Rechnung Nr 20252846 vom 02.10.2025";3;1776;"Umsatzsteuer 19%";CREDIT;6,42;;;;;20252846
2025;419;2025-10-02;"2025-10-02 00:00:00";"Zahlung RgNr 20252838";1;1200;Bank;DEBIT;42,17;130899;"Mareike Scholz, Hatten";;;20252838
2025;419;2025-10-02;"2025-10-02 00:00:00";"Zahlung RgNr 20252838";2;1400;"Forderungen aus Lief. und Leist.";CREDIT;42,17;130899;"Mareike Scholz, Hatten";;;20252838
2025;421;2025-10-06;"2025-10-06 00:00:00";"Zahlung RgNr 10254";1;1220;"Neues Konto Bank";DEBIT;254,34;10000;"Bert Zimmerman, Magdeburg";;;10254
2025;421;2025-10-06;"2025-10-06 00:00:00";"Zahlung RgNr 10254";2;1400;"Forderungen aus Lief. und Leist.";CREDIT;254,34;10000;"Bert Zimmerman, Magdeburg";;;10254
2025;422;2025-10-02;"2025-10-06 00:00:00";"Storno Buchung 418";1;1000;Kasse;CREDIT;40,19;;;;;20252846
2025;422;2025-10-02;"2025-10-06 00:00:00";"Storno Buchung 418";2;8401;"Angewandte Medikamente 19% Umsatzsteuer";DEBIT;33,77;;;;;20252846
2025;422;2025-10-02;"2025-10-06 00:00:00";"Storno Buchung 418";3;1776;"Umsatzsteuer 19%";DEBIT;6,42;;;;;20252846
2025;423;2025-10-07;"2025-10-07 00:00:00";"Rechnung Nr 20252847 vom 07.10.2025";1;1360;Geldtransit;DEBIT;178,69;;;;;20252847
2025;423;2025-10-07;"2025-10-07 00:00:00";"Rechnung Nr 20252847 vom 07.10.2025";2;8400;"Tierärztliche Leistungen 19% Ust.";CREDIT;150,16;;;;;20252847
2025;423;2025-10-07;"2025-10-07 00:00:00";"Rechnung Nr 20252847 vom 07.10.2025";3;1776;"Umsatzsteuer 19%";CREDIT;28,53;;;;;20252847
2025;424;2025-10-07;"2025-10-07 00:00:00";"Rechnung Nr 20252848 vom 07.10.2025";1;1400;"Forderungen aus Lief. und Leist.";DEBIT;90,04;10009;"Max Müller, Berlin";;;20252848
2025;424;2025-10-07;"2025-10-07 00:00:00";"Rechnung Nr 20252848 vom 07.10.2025";2;8401;"Angewandte Medikamente 19% Umsatzsteuer";CREDIT;0,96;10009;"Max Müller, Berlin";;;20252848
2025;424;2025-10-07;"2025-10-07 00:00:00";"Rechnung Nr 20252848 vom 07.10.2025";3;1776;"Umsatzsteuer 19%";CREDIT;0,18;10009;"Max Müller, Berlin";;;20252848
2025;424;2025-10-07;"2025-10-07 00:00:00";"Rechnung Nr 20252848 vom 07.10.2025";4;8402;"Abgegebene Medikamente 19% Umsatzsteuer";CREDIT;3,84;10009;"Max Müller, Berlin";;;20252848
2025;424;2025-10-07;"2025-10-07 00:00:00";"Rechnung Nr 20252848 vom 07.10.2025";5;1776;"Umsatzsteuer 19%";CREDIT;0,73;10009;"Max Müller, Berlin";;;20252848
2025;424;2025-10-07;"2025-10-07 00:00:00";"Rechnung Nr 20252848 vom 07.10.2025";6;8400;"Tierärztliche Leistungen 19% Ust.";CREDIT;70,86;10009;"Max Müller, Berlin";;;20252848
2025;424;2025-10-07;"2025-10-07 00:00:00";"Rechnung Nr 20252848 vom 07.10.2025";7;1776;"Umsatzsteuer 19%";CREDIT;13,46;10009;"Max Müller, Berlin";;;20252848
2025;424;2025-10-07;"2025-10-07 00:00:00";"Rechnung Nr 20252848 vom 07.10.2025";8;1590;"Durchlaufende Posten";CREDIT;0,01;10009;"Max Müller, Berlin";;;20252848
2025;425;2025-10-02;"2025-10-09 00:00:00";"Storno Buchung 417";1;1000;Kasse;CREDIT;82,97;;;;;20252845
2025;425;2025-10-02;"2025-10-09 00:00:00";"Storno Buchung 417";2;8400;"Tierärztliche Leistungen 19% Ust.";DEBIT;35,43;;;;;20252845
2025;425;2025-10-02;"2025-10-09 00:00:00";"Storno Buchung 417";3;1776;"Umsatzsteuer 19%";DEBIT;6,73;;;;;20252845
2025;425;2025-10-02;"2025-10-09 00:00:00";"Storno Buchung 417";4;8402;"Abgegebene Medikamente 19% Umsatzsteuer";DEBIT;33,77;;;;;20252845
2025;425;2025-10-02;"2025-10-09 00:00:00";"Storno Buchung 417";5;1776;"Umsatzsteuer 19%";DEBIT;6,42;;;;;20252845
2025;425;2025-10-02;"2025-10-09 00:00:00";"Storno Buchung 417";6;8401;"Angewandte Medikamente 19% Umsatzsteuer";DEBIT;0,52;;;;;20252845
2025;425;2025-10-02;"2025-10-09 00:00:00";"Storno Buchung 417";7;1776;"Umsatzsteuer 19%";DEBIT;0,10;;;;;20252845
2025;426;2025-10-09;"2025-10-09 00:00:00";"Zahlung RgNr 20252848";1;1200;Bank;DEBIT;45,00;10009;"Max Müller, Berlin";;;20252848
2025;426;2025-10-09;"2025-10-09 00:00:00";"Zahlung RgNr 20252848";2;1400;"Forderungen aus Lief. und Leist.";CREDIT;45,00;10009;"Max Müller, Berlin";;;20252848
2025;427;2025-10-09;"2025-10-09 00:00:00";"Zahlung RgNr 10226";1;1200;Bank;DEBIT;151,03;10000;"Bert Zimmerman, Magdeburg";;;10226
2025;427;2025-10-09;"2025-10-09 00:00:00";"Zahlung RgNr 10226";2;1400;"Forderungen aus Lief. und Leist.";CREDIT;151,03;10000;"Bert Zimmerman, Magdeburg";;;10226
2025;428;2025-10-10;"2025-10-10 00:00:00";"Rechnung Nr 20252852 vom 10.10.2025";1;1360;Geldtransit;DEBIT;943,12;;;;;20252852
2025;428;2025-10-10;"2025-10-10 00:00:00";"Rechnung Nr 20252852 vom 10.10.2025";2;8401;"Angewandte Medikamente 19% Umsatzsteuer";CREDIT;98,73;;;;;20252852
2025;428;2025-10-10;"2025-10-10 00:00:00";"Rechnung Nr 20252852 vom 10.10.2025";3;1776;"Umsatzsteuer 19%";CREDIT;18,76;;;;;20252852
2025;428;2025-10-10;"2025-10-10 00:00:00";"Rechnung Nr 20252852 vom 10.10.2025";4;8400;"Tierärztliche Leistungen 19% Ust.";CREDIT;693,81;;;;;20252852
2025;428;2025-10-10;"2025-10-10 00:00:00";"Rechnung Nr 20252852 vom 10.10.2025";5;1776;"Umsatzsteuer 19%";CREDIT;131,82;;;;;20252852
2025;429;2025-10-01;"2025-10-10 00:00:00";"Rechnung Nr 20252844 vom 01.10.2025";1;1360;Geldtransit;DEBIT;20,50;;;;;20252844
2025;429;2025-10-01;"2025-10-10 00:00:00";"Rechnung Nr 20252844 vom 01.10.2025";2;8400;"Tierärztliche Leistungen 19% Ust.";CREDIT;17,23;;;;;20252844
2025;429;2025-10-01;"2025-10-10 00:00:00";"Rechnung Nr 20252844 vom 01.10.2025";3;1776;"Umsatzsteuer 19%";CREDIT;3,27;;;;;20252844
2025;430;2025-10-10;"2025-10-10 00:00:00";"Rechnung Nr 20252853 vom 10.10.2025";1;1000;Kasse;DEBIT;52,54;;;;;20252853
2025;430;2025-10-10;"2025-10-10 00:00:00";"Rechnung Nr 20252853 vom 10.10.2025";2;8400;"Tierärztliche Leistungen 19% Ust.";CREDIT;43,93;;;;;20252853
2025;430;2025-10-10;"2025-10-10 00:00:00";"Rechnung Nr 20252853 vom 10.10.2025";3;1776;"Umsatzsteuer 19%";CREDIT;8,35;;;;;20252853
2025;430;2025-10-10;"2025-10-10 00:00:00";"Rechnung Nr 20252853 vom 10.10.2025";4;8401;"Angewandte Medikamente 19% Umsatzsteuer";CREDIT;0,22;;;;;20252853
2025;430;2025-10-10;"2025-10-10 00:00:00";"Rechnung Nr 20252853 vom 10.10.2025";5;1776;"Umsatzsteuer 19%";CREDIT;0,04;;;;;20252853
2025;431;2025-10-11;"2025-10-11 00:00:00";"Rechnung Nr 20252855 vom 11.10.2025";1;1000;Kasse;DEBIT;60,57;;;;;20252855
2025;431;2025-10-11;"2025-10-11 00:00:00";"Rechnung Nr 20252855 vom 11.10.2025";2;8400;"Tierärztliche Leistungen 19% Ust.";CREDIT;35,44;;;;;20252855
2025;431;2025-10-11;"2025-10-11 00:00:00";"Rechnung Nr 20252855 vom 11.10.2025";3;1776;"Umsatzsteuer 19%";CREDIT;6,73;;;;;20252855
2025;431;2025-10-11;"2025-10-11 00:00:00";"Rechnung Nr 20252855 vom 11.10.2025";4;8401;"Angewandte Medikamente 19% Umsatzsteuer";CREDIT;15,46;;;;;20252855
2025;431;2025-10-11;"2025-10-11 00:00:00";"Rechnung Nr 20252855 vom 11.10.2025";5;1776;"Umsatzsteuer 19%";CREDIT;2,94;;;;;20252855
2025;433;2025-10-11;"2025-10-11 00:00:00";"Rechnung Nr 20252856 vom 11.10.2025";1;1400;"Forderungen aus Lief. und Leist.";DEBIT;150,70;130804;"Rolf Muster, Berlin";;;20252856
2025;433;2025-10-11;"2025-10-11 00:00:00";"Rechnung Nr 20252856 vom 11.10.2025";2;8400;"Tierärztliche Leistungen 19% Ust.";CREDIT;115,70;130804;"Rolf Muster, Berlin";;;20252856
2025;433;2025-10-11;"2025-10-11 00:00:00";"Rechnung Nr 20252856 vom 11.10.2025";3;1776;"Umsatzsteuer 19%";CREDIT;21,98;130804;"Rolf Muster, Berlin";;;20252856
2025;433;2025-10-11;"2025-10-11 00:00:00";"Rechnung Nr 20252856 vom 11.10.2025";4;8401;"Angewandte Medikamente 19% Umsatzsteuer";CREDIT;10,94;130804;"Rolf Muster, Berlin";;;20252856
2025;433;2025-10-11;"2025-10-11 00:00:00";"Rechnung Nr 20252856 vom 11.10.2025";5;1776;"Umsatzsteuer 19%";CREDIT;2,08;130804;"Rolf Muster, Berlin";;;20252856
2025;434;2025-10-14;"2025-10-14 00:00:00";"Rechnung Nr 10258 vom 14.10.2025";1;1400;"Forderungen aus Lief. und Leist.";DEBIT;48,57;130804;"Rolf Muster, Berlin";;;10258
2025;434;2025-10-14;"2025-10-14 00:00:00";"Rechnung Nr 10258 vom 14.10.2025";2;8400;"Tierärztliche Leistungen 19% Ust.";CREDIT;35,44;130804;"Rolf Muster, Berlin";;;10258
2025;434;2025-10-14;"2025-10-14 00:00:00";"Rechnung Nr 10258 vom 14.10.2025";3;1776;"Umsatzsteuer 19%";CREDIT;6,73;130804;"Rolf Muster, Berlin";;;10258
2025;434;2025-10-14;"2025-10-14 00:00:00";"Rechnung Nr 10258 vom 14.10.2025";4;8401;"Angewandte Medikamente 19% Umsatzsteuer";CREDIT;5,38;130804;"Rolf Muster, Berlin";;;10258
2025;434;2025-10-14;"2025-10-14 00:00:00";"Rechnung Nr 10258 vom 14.10.2025";5;1776;"Umsatzsteuer 19%";CREDIT;1,02;130804;"Rolf Muster, Berlin";;;10258
2025;435;2025-09-30;"2025-10-15 00:00:00";"Rechnung Nr 20252843 vom 30.09.2025";1;1400;"Forderungen aus Lief. und Leist.";DEBIT;43,66;10004;"Hanna Katzenspaß, Düsseldorf";;;20252843
2025;435;2025-09-30;"2025-10-15 00:00:00";"Rechnung Nr 20252843 vom 30.09.2025";2;8400;"Tierärztliche Leistungen 19% Ust.";CREDIT;35,44;10004;"Hanna Katzenspaß, Düsseldorf";;;20252843
2025;435;2025-09-30;"2025-10-15 00:00:00";"Rechnung Nr 20252843 vom 30.09.2025";3;1776;"Umsatzsteuer 19%";CREDIT;6,73;10004;"Hanna Katzenspaß, Düsseldorf";;;20252843
2025;435;2025-09-30;"2025-10-15 00:00:00";"Rechnung Nr 20252843 vom 30.09.2025";4;8401;"Angewandte Medikamente 19% Umsatzsteuer";CREDIT;0,52;10004;"Hanna Katzenspaß, Düsseldorf";;;20252843
2025;435;2025-09-30;"2025-10-15 00:00:00";"Rechnung Nr 20252843 vom 30.09.2025";5;1776;"Umsatzsteuer 19%";CREDIT;0,10;10004;"Hanna Katzenspaß, Düsseldorf";;;20252843
2025;435;2025-09-30;"2025-10-15 00:00:00";"Rechnung Nr 20252843 vom 30.09.2025";6;8402;"Abgegebene Medikamente 19% Umsatzsteuer";CREDIT;0,73;10004;"Hanna Katzenspaß, Düsseldorf";;;20252843
2025;435;2025-09-30;"2025-10-15 00:00:00";"Rechnung Nr 20252843 vom 30.09.2025";7;1776;"Umsatzsteuer 19%";CREDIT;0,14;10004;"Hanna Katzenspaß, Düsseldorf";;;20252843
2025;436;2025-10-16;"2025-10-16 00:00:00";"Rechnung Nr 20252857 vom 16.10.2025";1;1400;"Forderungen aus Lief. und Leist.";DEBIT;150,70;130804;"Rolf Muster, Berlin";;;20252857
2025;436;2025-10-16;"2025-10-16 00:00:00";"Rechnung Nr 20252857 vom 16.10.2025";2;8400;"Tierärztliche Leistungen 19% Ust.";CREDIT;115,70;130804;"Rolf Muster, Berlin";;;20252857
2025;436;2025-10-16;"2025-10-16 00:00:00";"Rechnung Nr 20252857 vom 16.10.2025";3;1776;"Umsatzsteuer 19%";CREDIT;21,98;130804;"Rolf Muster, Berlin";;;20252857
2025;436;2025-10-16;"2025-10-16 00:00:00";"Rechnung Nr 20252857 vom 16.10.2025";4;8401;"Angewandte Medikamente 19% Umsatzsteuer";CREDIT;10,94;130804;"Rolf Muster, Berlin";;;20252857
2025;436;2025-10-16;"2025-10-16 00:00:00";"Rechnung Nr 20252857 vom 16.10.2025";5;1776;"Umsatzsteuer 19%";CREDIT;2,08;130804;"Rolf Muster, Berlin";;;20252857
2025;437;2025-09-10;"2025-10-20 00:00:00";"Rechnung Nr 10240 vom 10.09.2025";1;1000;Kasse;DEBIT;73,36;;;;;10240
2025;437;2025-09-10;"2025-10-20 00:00:00";"Rechnung Nr 10240 vom 10.09.2025";2;8400;"Tierärztliche Leistungen 19% Ust.";CREDIT;52,61;;;;;10240
2025;437;2025-09-10;"2025-10-20 00:00:00";"Rechnung Nr 10240 vom 10.09.2025";3;1776;"Umsatzsteuer 19%";CREDIT;9,99;;;;;10240
2025;437;2025-09-10;"2025-10-20 00:00:00";"Rechnung Nr 10240 vom 10.09.2025";4;8401;"Angewandte Medikamente 19% Umsatzsteuer";CREDIT;0,40;;;;;10240
2025;437;2025-09-10;"2025-10-20 00:00:00";"Rechnung Nr 10240 vom 10.09.2025";5;1776;"Umsatzsteuer 19%";CREDIT;0,07;;;;;10240
2025;437;2025-09-10;"2025-10-20 00:00:00";"Rechnung Nr 10240 vom 10.09.2025";6;8402;"Abgegebene Medikamente 19% Umsatzsteuer";CREDIT;8,64;;;;;10240
2025;437;2025-09-10;"2025-10-20 00:00:00";"Rechnung Nr 10240 vom 10.09.2025";7;1776;"Umsatzsteuer 19%";CREDIT;1,64;;;;;10240
2025;437;2025-09-10;"2025-10-20 00:00:00";"Rechnung Nr 10240 vom 10.09.2025";8;1590;"Durchlaufende Posten";CREDIT;0,01;;;;;10240
2025;438;2025-09-15;"2025-10-20 00:00:00";"Rechnung Nr 10244 vom 15.09.2025";1;1360;Geldtransit;DEBIT;6,41;;;;;10244
2025;438;2025-09-15;"2025-10-20 00:00:00";"Rechnung Nr 10244 vom 15.09.2025";2;8402;"Abgegebene Medikamente 19% Umsatzsteuer";CREDIT;5,38;;;;;10244
2025;438;2025-09-15;"2025-10-20 00:00:00";"Rechnung Nr 10244 vom 15.09.2025";3;1776;"Umsatzsteuer 19%";CREDIT;1,03;;;;;10244
2025;439;2025-10-23;"2025-10-23 00:00:00";"Rechnung Nr 20252859 vom 23.10.2025";1;1360;Geldtransit;DEBIT;223,40;;;;;20252859
2025;439;2025-10-23;"2025-10-23 00:00:00";"Rechnung Nr 20252859 vom 23.10.2025";2;8401;"Angewandte Medikamente 19% Umsatzsteuer";CREDIT;26,76;;;;;20252859
2025;439;2025-10-23;"2025-10-23 00:00:00";"Rechnung Nr 20252859 vom 23.10.2025";3;1776;"Umsatzsteuer 19%";CREDIT;5,09;;;;;20252859
2025;439;2025-10-23;"2025-10-23 00:00:00";"Rechnung Nr 20252859 vom 23.10.2025";4;8301;"Angewandte Medikamente 7 % USt";CREDIT;179,02;;;;;20252859
2025;439;2025-10-23;"2025-10-23 00:00:00";"Rechnung Nr 20252859 vom 23.10.2025";5;1771;"Umsatzsteuer 7%";CREDIT;12,53;;;;;20252859
2025;440;2025-10-23;"2025-10-23 00:00:00";"Storno Buchung 439";1;1360;Geldtransit;CREDIT;223,40;;;;;20252859
2025;440;2025-10-23;"2025-10-23 00:00:00";"Storno Buchung 439";2;8401;"Angewandte Medikamente 19% Umsatzsteuer";DEBIT;26,76;;;;;20252859
2025;440;2025-10-23;"2025-10-23 00:00:00";"Storno Buchung 439";3;1776;"Umsatzsteuer 19%";DEBIT;5,09;;;;;20252859
2025;440;2025-10-23;"2025-10-23 00:00:00";"Storno Buchung 439";4;8301;"Angewandte Medikamente 7 % USt";DEBIT;179,02;;;;;20252859
2025;440;2025-10-23;"2025-10-23 00:00:00";"Storno Buchung 439";5;1771;"Umsatzsteuer 7%";DEBIT;12,53;;;;;20252859
2025;441;2025-10-23;"2025-10-23 00:00:00";"Rechnung Nr 20252860 vom 23.10.2025";1;1360;Geldtransit;DEBIT;286,11;;;;;20252860
2025;441;2025-10-23;"2025-10-23 00:00:00";"Rechnung Nr 20252860 vom 23.10.2025";2;8400;"Tierärztliche Leistungen 19% Ust.";CREDIT;52,70;;;;;20252860
2025;441;2025-10-23;"2025-10-23 00:00:00";"Rechnung Nr 20252860 vom 23.10.2025";3;1776;"Umsatzsteuer 19%";CREDIT;10,01;;;;;20252860
2025;441;2025-10-23;"2025-10-23 00:00:00";"Rechnung Nr 20252860 vom 23.10.2025";4;8401;"Angewandte Medikamente 19% Umsatzsteuer";CREDIT;26,76;;;;;20252860
2025;441;2025-10-23;"2025-10-23 00:00:00";"Rechnung Nr 20252860 vom 23.10.2025";5;1776;"Umsatzsteuer 19%";CREDIT;5,09;;;;;20252860
2025;441;2025-10-23;"2025-10-23 00:00:00";"Rechnung Nr 20252860 vom 23.10.2025";6;8301;"Angewandte Medikamente 7 % USt";CREDIT;179,02;;;;;20252860
2025;441;2025-10-23;"2025-10-23 00:00:00";"Rechnung Nr 20252860 vom 23.10.2025";7;1771;"Umsatzsteuer 7%";CREDIT;12,53;;;;;20252860
2025;442;2025-10-23;"2025-10-23 00:00:00";"Storno Buchung 441";1;1360;Geldtransit;CREDIT;286,11;;;;;20252860
2025;442;2025-10-23;"2025-10-23 00:00:00";"Storno Buchung 441";2;8400;"Tierärztliche Leistungen 19% Ust.";DEBIT;52,70;;;;;20252860
2025;442;2025-10-23;"2025-10-23 00:00:00";"Storno Buchung 441";3;1776;"Umsatzsteuer 19%";DEBIT;10,01;;;;;20252860
2025;442;2025-10-23;"2025-10-23 00:00:00";"Storno Buchung 441";4;8401;"Angewandte Medikamente 19% Umsatzsteuer";DEBIT;26,76;;;;;20252860
2025;442;2025-10-23;"2025-10-23 00:00:00";"Storno Buchung 441";5;1776;"Umsatzsteuer 19%";DEBIT;5,09;;;;;20252860
2025;442;2025-10-23;"2025-10-23 00:00:00";"Storno Buchung 441";6;8301;"Angewandte Medikamente 7 % USt";DEBIT;179,02;;;;;20252860
2025;442;2025-10-23;"2025-10-23 00:00:00";"Storno Buchung 441";7;1771;"Umsatzsteuer 7%";DEBIT;12,53;;;;;20252860
2025;443;2025-10-23;"2025-10-23 00:00:00";"Rechnung Nr 20252861 vom 23.10.2025";1;1360;Geldtransit;DEBIT;286,11;;;;;20252861
2025;443;2025-10-23;"2025-10-23 00:00:00";"Rechnung Nr 20252861 vom 23.10.2025";2;8400;"Tierärztliche Leistungen 19% Ust.";CREDIT;52,70;;;;;20252861
2025;443;2025-10-23;"2025-10-23 00:00:00";"Rechnung Nr 20252861 vom 23.10.2025";3;1776;"Umsatzsteuer 19%";CREDIT;10,01;;;;;20252861
2025;443;2025-10-23;"2025-10-23 00:00:00";"Rechnung Nr 20252861 vom 23.10.2025";4;8401;"Angewandte Medikamente 19% Umsatzsteuer";CREDIT;26,76;;;;;20252861
2025;443;2025-10-23;"2025-10-23 00:00:00";"Rechnung Nr 20252861 vom 23.10.2025";5;1776;"Umsatzsteuer 19%";CREDIT;5,09;;;;;20252861
2025;443;2025-10-23;"2025-10-23 00:00:00";"Rechnung Nr 20252861 vom 23.10.2025";6;8301;"Angewandte Medikamente 7 % USt";CREDIT;179,02;;;;;20252861
2025;443;2025-10-23;"2025-10-23 00:00:00";"Rechnung Nr 20252861 vom 23.10.2025";7;1771;"Umsatzsteuer 7%";CREDIT;12,53;;;;;20252861
2025;444;2025-10-23;"2025-10-23 00:00:00";"Rechnung Nr 10000 vom 23.10.2025";1;1000;Kasse;CREDIT;100,00;;;;;10000
2025;444;2025-10-23;"2025-10-23 00:00:00";"Rechnung Nr 10000 vom 23.10.2025";2;1890;Privateinlagen;DEBIT;100,00;;;;;10000
2025;445;2025-10-23;"2025-10-23 00:00:00";"Rechnung Nr 10001 vom 23.10.2025";1;1000;Kasse;CREDIT;6923,48;;;;;10001
2025;445;2025-10-23;"2025-10-23 00:00:00";"Rechnung Nr 10001 vom 23.10.2025";2;1890;Privateinlagen;DEBIT;6923,48;;;;;10001
2025;446;2025-10-23;"2025-10-23 00:00:00";"Storno Buchung 445";1;1000;Kasse;DEBIT;6923,48;;;;;10001
2025;446;2025-10-23;"2025-10-23 00:00:00";"Storno Buchung 445";2;1890;Privateinlagen;CREDIT;6923,48;;;;;10001
2025;447;2025-10-23;"2025-10-23 00:00:00";"Rechnung Nr 10002 vom 23.10.2025";1;1000;Kasse;CREDIT;100,00;;;;;10002
2025;447;2025-10-23;"2025-10-23 00:00:00";"Rechnung Nr 10002 vom 23.10.2025";2;1890;Privateinlagen;DEBIT;100,00;;;;;10002
2025;448;2025-10-23;"2025-10-23 00:00:00";"Storno Buchung 444";1;1000;Kasse;DEBIT;100,00;;;;;10000
2025;448;2025-10-23;"2025-10-23 00:00:00";"Storno Buchung 444";2;1890;Privateinlagen;CREDIT;100,00;;;;;10000
2025;449;2025-10-23;"2025-10-23 00:00:00";"Rechnung Nr 10000 vom 23.10.2025";1;1000;Kasse;CREDIT;200,00;;;;;10000
2025;449;2025-10-23;"2025-10-23 00:00:00";"Rechnung Nr 10000 vom 23.10.2025";2;1890;Privateinlagen;DEBIT;200,00;;;;;10000
2025;450;2025-10-23;"2025-10-23 00:00:00";"Rechnung Nr 10003 vom 23.10.2025";1;1000;Kasse;CREDIT;100,00;;;;;10003
2025;450;2025-10-23;"2025-10-23 00:00:00";"Rechnung Nr 10003 vom 23.10.2025";2;2300;"Sonstige betriebliche Aufwendungen";DEBIT;100,00;;;;;10003
2025;457;2025-10-23;"2025-10-23 00:00:00";Privateinlage;1;1000;Kasse;DEBIT;500,00;;;;;
2025;457;2025-10-23;"2025-10-23 00:00:00";Privateinlage;2;1890;Privateinlagen;CREDIT;500,00;;;;;
2025;458;2025-10-23;"2025-10-23 00:00:00";"Rechnung Nr 10004 vom 23.10.2025";1;1000;Kasse;CREDIT;100,00;;;;;10004
2025;458;2025-10-23;"2025-10-23 00:00:00";"Rechnung Nr 10004 vom 23.10.2025";2;1890;Privateinlagen;DEBIT;100,00;;;;;10004
2025;459;2025-10-23;"2025-10-23 00:00:00";"Rechnung Nr 10005 vom 23.10.2025";1;1000;Kasse;CREDIT;10,00;;;;;10005
2025;459;2025-10-23;"2025-10-23 00:00:00";"Rechnung Nr 10005 vom 23.10.2025";2;8600;"Sonstige betriebliche Erlöse";DEBIT;10,00;;;;;10005
2025;460;2025-10-23;"2025-10-23 00:00:00";"Rechnung Nr 10006 vom 23.10.2025";1;1000;Kasse;CREDIT;10,00;;;;;10006
2025;460;2025-10-23;"2025-10-23 00:00:00";"Rechnung Nr 10006 vom 23.10.2025";2;2300;"Sonstige betriebliche Aufwendungen";DEBIT;10,00;;;;;10006
2025;461;2025-10-23;"2025-10-23 00:00:00";"Rechnung Nr 20252862 vom 23.10.2025";1;1400;"Forderungen aus Lief. und Leist.";DEBIT;35,60;10007;"Thomas Schweinsteiger, Berlin";;;20252862
2025;461;2025-10-23;"2025-10-23 00:00:00";"Rechnung Nr 20252862 vom 23.10.2025";2;8400;"Tierärztliche Leistungen 19% Ust.";CREDIT;23,62;10007;"Thomas Schweinsteiger, Berlin";;;20252862
2025;461;2025-10-23;"2025-10-23 00:00:00";"Rechnung Nr 20252862 vom 23.10.2025";3;1776;"Umsatzsteuer 19%";CREDIT;4,49;10007;"Thomas Schweinsteiger, Berlin";;;20252862
2025;461;2025-10-23;"2025-10-23 00:00:00";"Rechnung Nr 20252862 vom 23.10.2025";4;8301;"Angewandte Medikamente 7 % USt";CREDIT;7,00;10007;"Thomas Schweinsteiger, Berlin";;;20252862
2025;461;2025-10-23;"2025-10-23 00:00:00";"Rechnung Nr 20252862 vom 23.10.2025";5;1771;"Umsatzsteuer 7%";CREDIT;0,49;10007;"Thomas Schweinsteiger, Berlin";;;20252862
2025;465;2025-10-25;"2025-10-25 00:00:00";"Rechnung Nr 20252863 vom 25.10.2025";1;1000;Kasse;DEBIT;236,13;;;;;20252863
2025;465;2025-10-25;"2025-10-25 00:00:00";"Rechnung Nr 20252863 vom 25.10.2025";2;8400;"Tierärztliche Leistungen 19% Ust.";CREDIT;145,03;;;;;20252863
2025;465;2025-10-25;"2025-10-25 00:00:00";"Rechnung Nr 20252863 vom 25.10.2025";3;1776;"Umsatzsteuer 19%";CREDIT;27,55;;;;;20252863
2025;465;2025-10-25;"2025-10-25 00:00:00";"Rechnung Nr 20252863 vom 25.10.2025";4;8401;"Angewandte Medikamente 19% Umsatzsteuer";CREDIT;53,40;;;;;20252863
2025;465;2025-10-25;"2025-10-25 00:00:00";"Rechnung Nr 20252863 vom 25.10.2025";5;1776;"Umsatzsteuer 19%";CREDIT;10,15;;;;;20252863
2025;467;2025-10-30;"2025-10-30 00:00:00";"Rechnung Nr 20252864 vom 30.10.2025";1;1400;"Forderungen aus Lief. und Leist.";DEBIT;23,40;10000;"Bert Zimmerman, Magdeburg";;;20252864
2025;467;2025-10-30;"2025-10-30 00:00:00";"Rechnung Nr 20252864 vom 30.10.2025";2;8301;"Angewandte Medikamente 7 % USt";CREDIT;21,87;10000;"Bert Zimmerman, Magdeburg";;;20252864
2025;467;2025-10-30;"2025-10-30 00:00:00";"Rechnung Nr 20252864 vom 30.10.2025";3;1771;"Umsatzsteuer 7%";CREDIT;1,53;10000;"Bert Zimmerman, Magdeburg";;;20252864
2025;468;2025-10-30;"2025-10-30 00:00:00";"Rechnung Nr 20252865 vom 30.10.2025";1;1400;"Forderungen aus Lief. und Leist.";DEBIT;70,28;10000;"Bert Zimmerman, Magdeburg";;;20252865
2025;468;2025-10-30;"2025-10-30 00:00:00";"Rechnung Nr 20252865 vom 30.10.2025";2;8400;"Tierärztliche Leistungen 19% Ust.";CREDIT;59,06;10000;"Bert Zimmerman, Magdeburg";;;20252865
2025;468;2025-10-30;"2025-10-30 00:00:00";"Rechnung Nr 20252865 vom 30.10.2025";3;1776;"Umsatzsteuer 19%";CREDIT;11,22;10000;"Bert Zimmerman, Magdeburg";;;20252865
2025;469;2025-10-30;"2025-10-30 00:00:00";"Zahlung RgNr 20252865";1;1000;Kasse;DEBIT;30,00;10000;"Bert Zimmerman, Magdeburg";;;20252865
2025;469;2025-10-30;"2025-10-30 00:00:00";"Zahlung RgNr 20252865";2;1400;"Forderungen aus Lief. und Leist.";CREDIT;30,00;10000;"Bert Zimmerman, Magdeburg";;;20252865
2025;491;2025-10-28;"2025-11-18 00:00:00";"Storno Buchung 466";1;1400;"Forderungen aus Lief. und Leist.";CREDIT;42,17;10002;"Maximiliannm Mauer, Buxtehude";;;
2025;491;2025-10-28;"2025-11-18 00:00:00";"Storno Buchung 466";2;8400;"Tierärztliche Leistungen 19% Ust.";DEBIT;35,44;10002;"Maximiliannm Mauer, Buxtehude";;;
2025;491;2025-10-28;"2025-11-18 00:00:00";"Storno Buchung 466";3;1776;"Umsatzsteuer 19%";DEBIT;6,73;10002;"Maximiliannm Mauer, Buxtehude";;;
2025;492;2025-10-22;"2025-11-18 00:00:00";"Rechnung Nr 20252858 vom 22.10.2025";1;1400;"Forderungen aus Lief. und Leist.";DEBIT;150,70;130814;"Dr. Hanno Hundeliebhaber, Hundhausen";;;20252858
2025;492;2025-10-22;"2025-11-18 00:00:00";"Rechnung Nr 20252858 vom 22.10.2025";2;8400;"Tierärztliche Leistungen 19% Ust.";CREDIT;115,70;130814;"Dr. Hanno Hundeliebhaber, Hundhausen";;;20252858
2025;492;2025-10-22;"2025-11-18 00:00:00";"Rechnung Nr 20252858 vom 22.10.2025";3;1776;"Umsatzsteuer 19%";CREDIT;21,98;130814;"Dr. Hanno Hundeliebhaber, Hundhausen";;;20252858
2025;492;2025-10-22;"2025-11-18 00:00:00";"Rechnung Nr 20252858 vom 22.10.2025";4;8401;"Angewandte Medikamente 19% Umsatzsteuer";CREDIT;10,94;130814;"Dr. Hanno Hundeliebhaber, Hundhausen";;;20252858
2025;492;2025-10-22;"2025-11-18 00:00:00";"Rechnung Nr 20252858 vom 22.10.2025";5;1776;"Umsatzsteuer 19%";CREDIT;2,08;130814;"Dr. Hanno Hundeliebhaber, Hundhausen";;;20252858
