﻿ID;NUMBER;CUSTOMER_NO;DOCUMENT_DATE;DOCUMENT_TYPE;PAYMENT_TERM;PRICE_GROUP;PRODUCT_NO;BATCH_NO;DESCRIPTION;DATE;TYPE;AMOUNT;UNIT;NET_PRICE;GROSS_PRICE;TAX
1491301;10006;130833;2025-09-01;OFFER;"Überweisung 30 Tage";;10005;;testinfusion;2025-09-01;PRODUCT;500,00;ML;13,19;15,70;19,00
1491308;10225;10000;2025-09-01;INVOICE;EC-Karte;;GOT-16;;"Allgemeine Untersuchung mit Beratung, Hund, Katze, Frettchen";2025-09-01;SERVICE;1,00;PCE;23,62;28,11;19,00
1491308;10225;10000;2025-09-01;INVOICE;EC-Karte;;GOT-221;;"Injektion subkutan, intrakutan, intramuskulär, Hund, Katze, Frettchen";2025-09-01;SERVICE;1,00;PCE;11,50;13,69;19,00
1491308;10225;10000;2025-09-01;INVOICE;EC-Karte;;GOT-87;;Impfbescheinigung;2025-09-01;SERVICE;1,00;PCE;6,16;7,33;19,00
1491308;10225;10000;2025-09-01;INVOICE;EC-Karte;;VP.01452.01;ZR23465;"Nobivac® RCP";2025-09-01;PRODUCT;1,00;DS;10,81;12,86;19,00
1491308;10225;10000;2025-09-01;INVOICE;EC-Karte;;GOT-16;;"Allgemeine Untersuchung mit Beratung, Hund, Katze, Frettchen";2025-09-01;SERVICE;1,00;PCE;42,52;50,60;19,00
1491308;10225;10000;2025-09-01;INVOICE;EC-Karte;;GOT-221;;"Injektion subkutan, intrakutan, intramuskulär, Hund, Katze, Frettchen";2025-09-01;SERVICE;1,00;PCE;11,50;13,69;19,00
1491308;10225;10000;2025-09-01;INVOICE;EC-Karte;;GOT-240;;"Ablesen einer Kennzeichnung, z. B. Tätowierung, Transponder, Ohrmarke";2025-09-01;SERVICE;1,00;PCE;4,59;5,46;19,00
1491308;10225;10000;2025-09-01;INVOICE;EC-Karte;;GOT-87;;Impfbescheinigung;2025-09-01;SERVICE;1,00;PCE;6,16;7,33;19,00
1491308;10225;10000;2025-09-01;INVOICE;EC-Karte;;p208a2047761;;"Nobivac® SHPPi + Nobivac® L4";2025-09-01;PRODUCT;1,00;DOS;17,05;20,29;19,00
1491308;10225;10000;2025-09-01;INVOICE;EC-Karte;;p208a2048128;;"Nobivac® T";2025-09-01;PRODUCT;1,00;DOS;3,01;3,58;19,00
1491308;10225;10000;2025-09-01;INVOICE;EC-Karte;;VP.01448.01;;"Nobivac® L4";2025-09-01;PRODUCT;1,00;DS;8,99;10,70;19,00
1492291;10224;10009;2025-09-01;INVOICE;Barzahlung;EK;GOT-836;;Lahmheitsuntersuchung;2025-09-01;SERVICE;1,00;PCE;42,63;50,73;19,00
1492291;10224;10009;2025-09-01;INVOICE;Barzahlung;EK;GOT-243;;"Akupressur, Triggerpunktdiagnostik manuell";2025-09-01;SERVICE;1,00;PCE;25,65;30,52;19,00
1489710;10228;10000;2025-09-02;INVOICE;EC-Karte;;VP.01514.01;;Benestermycin®;2025-08-28;PRODUCT;4,00;INJ;24,56;29,23;19,00
1489710;10228;10000;2025-09-02;INVOICE;EC-Karte;;VP.00428.01;;"Milbemax® für kl.Katzen & Katzenw.0,5-2 kg";2025-08-28;DISPENSATION;1,00;TAB;3,84;4,57;19,00
1493153;10226;10000;2025-09-02;INVOICE;"Überweisung 30 Tage";;GOT-16;;"Allgemeine Untersuchung mit Beratung, Hund, Katze, Frettchen";2025-09-02;SERVICE;1,00;PCE;23,62;28,11;19,00
1493153;10226;10000;2025-09-02;INVOICE;"Überweisung 30 Tage";;GOT-1;;"Beratung im einzelnen Fall ohne Untersuchung (auch schriftlich oder fernmündlich)";2025-09-02;SERVICE;1,00;PCE;11,26;13,40;19,00
1493153;10226;10000;2025-09-02;INVOICE;"Überweisung 30 Tage";;GOT-2;;"Eingehende Anamneseerhebung oder Beratung, das gewöhnliche Maß übersteigend, einschließlich eingehender Vorbereitung, beispielsweise bei Verhaltensstörungen, Physikalischer Therapie und im Rahmen von Naturheilverfahren, z.B. Akupunktur, Homöop";2025-09-02;SERVICE;1,00;PCE;61,56;73,26;19,00
1493153;10226;10000;2025-09-02;INVOICE;"Überweisung 30 Tage";;GOT-89;;"Gutachten (nicht gerichtliche Gutachten), Protokoll oder Tierarztbrief, je angefangene 15 Minuten";2025-09-02;SERVICE;1,00;PCE;30,48;36,27;19,00
1493156;10227;10002;2025-09-02;INVOICE;Barzahlung;;GOT-16;;"Allgemeine Untersuchung mit Beratung, Hund, Katze, Frettchen";2025-09-02;SERVICE;1,00;PCE;23,62;28,11;19,00
1493933;10229;130861;2025-09-02;INVOICE;Barzahlung;;;;"Geriatrie-Profil + SDMA + Blutbild (Hd, Ktz)";2024-08-05;SERVICE;1,00;PCE;50,00;59,50;19,00
1493933;10229;130861;2025-09-02;INVOICE;Barzahlung;;VP.00760.01;;"Dermamycin® Augencreme";2025-09-02;PRODUCT;20,00;G;50,05;59,56;19,00
1493933;10229;130861;2025-09-02;INVOICE;Barzahlung;;GOT-4;;"Allgemeine Untersuchung mit Beratung, Pferd, Hausequiden, Kameliden";2025-09-02;SERVICE;1,00;PCE;30,78;36,63;19,00
1494359;10232;130823;2025-09-03;INVOICE;"Überweisung 30 Tage";;p34f1e1f5d3;;"Milpro® 2,5 mg/25 mg kl. HD&Welpen <5kg";2025-09-03;DISPENSATION;2,00;TAB;5,98;7,12;19,00
1494359;10232;130823;2025-09-03;INVOICE;"Überweisung 30 Tage";;GOT-16;;"Allgemeine Untersuchung mit Beratung, Hund, Katze, Frettchen";2025-09-03;SERVICE;1,00;PCE;23,62;28,11;19,00
1495028;10233;130897;2025-09-04;INVOICE;Barzahlung;;GOT-4;;"Allgemeine Untersuchung mit Beratung, Pferd, Hausequiden, Kameliden";2025-09-04;SERVICE;1,00;PCE;46,17;54,94;19,00
1495028;10233;130897;2025-09-04;INVOICE;Barzahlung;;GOT-609;;"Blutuntersuchung, photometrische Bestimmung von Einzelparametern";2025-09-04;SERVICE;1,00;PCE;13,85;16,48;19,00
1495041;10007;130897;2025-09-04;OFFER;EC-Karte;;GOT-4;;"Allgemeine Untersuchung mit Beratung, Pferd, Hausequiden, Kameliden";2025-09-04;SERVICE;1,00;PCE;30,78;36,63;19,00
1495041;10007;130897;2025-09-04;OFFER;EC-Karte;;GOT-2;;"Eingehende Anamneseerhebung oder Beratung, das gewöhnliche Maß übersteigend, einschließlich eingehender Vorbereitung, beispielsweise bei Verhaltensstörungen, Physikalischer Therapie und im Rahmen von Naturheilverfahren, z.B. Akupunktur, Homöop";2025-09-04;SERVICE;1,00;PCE;30,78;36,63;19,00
1495325;10234;10000;2025-09-04;INVOICE;EC-Karte;;GOT-16;;"Allgemeine Untersuchung mit Beratung, Hund, Katze, Frettchen";2025-09-04;SERVICE;1,00;PCE;23,62;28,11;19,00
1496640;10098;10008;2025-09-05;DUN;;;;;"Rechnung Nr. 10098 vom 11.12.2024";2024-12-11;SERVICE;1,00;PCE;64,57;76,84;0,00
1496640;10098;10008;2025-09-05;DUN;;;;;Gebühr;2025-09-05;DUN_FEE;1,00;PCE;2,52;3,00;0,00
1496641;10082;10007;2025-09-05;DUN;;;;;"Rechnung Nr. 10082 vom 25.11.2024";2024-11-25;SERVICE;1,00;PCE;47,24;56,22;19,00
1496641;10082;10007;2025-09-05;DUN;;;;;Gebühr;2025-09-05;DUN_FEE;1,00;PCE;2,52;3,00;19,00
1478657;10236;10000;2025-09-09;INVOICE;EC-Karte;;GOT-16;;"Allgemeine Untersuchung mit Beratung, Hund, Katze, Frettchen";2025-08-11;SERVICE;1,00;PCE;23,62;28,11;19,00
1478657;10236;10000;2025-09-09;INVOICE;EC-Karte;;VP.01514.01;;Benestermycin®;2025-08-11;DISPENSATION;1,00;INJ;6,14;7,31;19,00
1478657;10236;10000;2025-09-09;INVOICE;EC-Karte;;p3fab716c54;;"Milbenin 12,5 mg/125 mg Kautabl.";2025-08-11;DISPENSATION;1,00;TAB;8,31;9,89;19,00
1478657;10236;10000;2025-09-09;INVOICE;EC-Karte;;VP.00428.01;;"Milbemax® für kl.Katzen & Katzenw.0,5-2 kg";2025-08-14;DISPENSATION;1,00;TAB;3,84;4,57;19,00
1478657;10236;10000;2025-09-09;INVOICE;EC-Karte;;VP.00760.01;;"Dermamycin® Augencreme";2025-08-14;PRODUCT;20,00;G;50,04;59,55;19,00
1478657;10236;10000;2025-09-09;INVOICE;EC-Karte;;GOT-4;;"Allgemeine Untersuchung mit Beratung, Pferd, Hausequiden, Kameliden";2025-08-14;SERVICE;1,00;PCE;30,78;36,63;19,00
1478658;10237;10000;2025-09-09;INVOICE;EC-Karte;;VP.00607.01;126989385;"Duphamox® LA 150 mg/ml";2025-08-14;DISPENSATION;1,20;ML;0,52;0,62;19,00
1478658;10237;10000;2025-09-09;INVOICE;EC-Karte;;VP.00607.01;;"Duphamox® LA 150 mg/ml";2025-08-14;DISPENSATION;1,00;ML;0,43;0,51;19,00
1478658;10237;10000;2025-09-09;INVOICE;EC-Karte;;p208a2108944;;Duphamox®;2025-08-14;DISPENSATION;4,00;ML;1,36;1,62;19,00
1499050;10235;10012;2025-09-09;INVOICE;Barzahlung;;GOT-503;;Milzexstirpation;2025-09-09;SERVICE;3,00;PCE;828,00;985,32;19,00
1500049;10238;10004;2025-09-09;INVOICE;EC-Karte;;GOT-16;;"Allgemeine Untersuchung mit Beratung, Hund, Katze, Frettchen";2025-09-09;SERVICE;1,00;PCE;23,62;28,11;19,00
1500049;10238;10004;2025-09-09;INVOICE;EC-Karte;;GOT-221;;"Injektion subkutan, intrakutan, intramuskulär, Hund, Katze, Frettchen";2025-09-09;SERVICE;1,00;PCE;11,50;13,69;19,00
1500049;10238;10004;2025-09-09;INVOICE;EC-Karte;;GOT-87;;Impfbescheinigung;2025-09-09;SERVICE;1,00;PCE;6,16;7,33;19,00
1500049;10238;10004;2025-09-09;INVOICE;EC-Karte;;VP.01452.01;ZR23465;"Nobivac® RCP";2025-09-09;PRODUCT;1,00;DS;10,81;12,86;19,00
1500572;10239;10000;2025-09-10;INVOICE;"Überweisung 30 Tage";;GOT-16;;"Allgemeine Untersuchung mit Beratung, Hund, Katze, Frettchen";2025-09-09;SERVICE;1,00;PCE;23,62;28,11;19,00
1500572;10239;10000;2025-09-10;INVOICE;"Überweisung 30 Tage";;p3fab716c54;;"Milbenin 12,5 mg/125 mg Kautabl.";2025-09-09;PRODUCT;1,00;TAB;8,31;9,89;19,00
1500643;10240;10007;2025-09-10;INVOICE;Barzahlung;;GOT-16;;"Allgemeine Untersuchung mit Beratung, Hund, Katze, Frettchen";2025-09-10;SERVICE;1,00;PCE;35,44;42,17;19,00
1500643;10240;10007;2025-09-10;INVOICE;Barzahlung;;GOT-221;;"Injektion subkutan, intrakutan, intramuskulär, Hund, Katze, Frettchen";2025-09-10;SERVICE;1,00;PCE;23,01;27,38;19,00
1500643;10240;10007;2025-09-10;INVOICE;Barzahlung;;VP.00607.01;97867565;"Duphamox® LA 150 mg/ml";2025-09-10;PRODUCT;1,00;ML;0,44;0,52;19,00
1500643;10240;10007;2025-09-10;INVOICE;Barzahlung;;p3fec709dd4;;"Milbeguard Duo Hund (5-25kg) 12,5mg/125 mg";2025-09-10;DISPENSATION;1,00;TAB;9,60;11,42;19,00
1501472;10241;10000;2025-09-11;INVOICE;EC-Karte;;GOT-16;;"Allgemeine Untersuchung mit Beratung, Hund, Katze, Frettchen";2025-09-11;SERVICE;1,00;PCE;35,43;42,16;19,00
1496592;10242;10005;2025-09-12;INVOICE;"Überweisung 30 Tage";;GOT-16;;"Allgemeine Untersuchung mit Beratung, Hund, Katze, Frettchen";2025-09-05;SERVICE;1,00;PCE;23,62;28,11;0,00
1496592;10242;10005;2025-09-12;INVOICE;"Überweisung 30 Tage";;GOT-221;;"Injektion subkutan, intrakutan, intramuskulär, Hund, Katze, Frettchen";2025-09-05;SERVICE;1,00;PCE;11,50;13,69;0,00
1496592;10242;10005;2025-09-12;INVOICE;"Überweisung 30 Tage";;GOT-87;;Impfbescheinigung;2025-09-05;SERVICE;1,00;PCE;6,16;7,33;0,00
1496592;10242;10005;2025-09-12;INVOICE;"Überweisung 30 Tage";;VP.01452.01;ZR23465;"Nobivac® RCP";2025-09-05;PRODUCT;1,00;DS;10,81;12,86;0,00
1503527;10243;10008;2025-09-12;INVOICE;Barzahlung;;GOT-836;;Lahmheitsuntersuchung;2025-09-12;SERVICE;1,00;PCE;42,63;50,73;19,00
1503527;10243;10008;2025-09-12;INVOICE;Barzahlung;;GOT-243;;"Akupressur, Triggerpunktdiagnostik manuell";2025-09-12;SERVICE;1,00;PCE;25,65;30,52;19,00
1503957;10244;10007;2025-09-15;INVOICE;EC-Karte;;p34f1e1f5d3;;"Milpro® 2,5 mg/25 mg kl. HD&Welpen <5kg";2025-09-15;DISPENSATION;2,00;TAB;5,98;7,12;19,00
1503958;10245;10007;2025-09-15;INVOICE;TVH;;GOT-16;;"Allgemeine Untersuchung mit Beratung, Hund, Katze, Frettchen";2025-09-15;SERVICE;1,00;PCE;47,24;56,22;19,00
1503958;10245;10007;2025-09-15;INVOICE;TVH;;GOT-221;;"Injektion subkutan, intrakutan, intramuskulär, Hund, Katze, Frettchen";2025-09-15;SERVICE;2,00;PCE;46,02;54,76;19,00
1503958;10245;10007;2025-09-15;INVOICE;TVH;;GOT-240;;"Ablesen einer Kennzeichnung, z. B. Tätowierung, Transponder, Ohrmarke";2025-09-15;SERVICE;1,00;PCE;9,18;10,92;19,00
1503958;10245;10007;2025-09-15;INVOICE;TVH;;GOT-87;;Impfbescheinigung;2025-09-15;SERVICE;1,00;PCE;12,32;14,66;19,00
1503958;10245;10007;2025-09-15;INVOICE;TVH;;p208a2047761;;"Nobivac® SHPPi + Nobivac® L4";2025-09-15;PRODUCT;1,00;DOS;17,05;20,29;19,00
1503958;10245;10007;2025-09-15;INVOICE;TVH;;p208a2048128;;"Nobivac® T";2025-09-15;PRODUCT;1,00;DOS;3,01;3,58;19,00
1503958;10245;10007;2025-09-15;INVOICE;TVH;;VP.01448.01;;"Nobivac® L4";2025-09-15;PRODUCT;1,00;DS;8,99;10,70;19,00
1503959;10246;130839;2025-09-15;INVOICE;"Überweisung 30 Tage";;GOT-16;;"Allgemeine Untersuchung mit Beratung, Hund, Katze, Frettchen";2025-09-15;SERVICE;1,00;PCE;35,44;42,17;19,00
1503959;10246;130839;2025-09-15;INVOICE;"Überweisung 30 Tage";;GOT-221;;"Injektion subkutan, intrakutan, intramuskulär, Hund, Katze, Frettchen";2025-09-15;SERVICE;1,00;PCE;17,26;20,54;19,00
1503959;10246;130839;2025-09-15;INVOICE;"Überweisung 30 Tage";;GOT-87;;Impfbescheinigung;2025-09-15;SERVICE;1,00;PCE;9,24;11,00;19,00
1503959;10246;130839;2025-09-15;INVOICE;"Überweisung 30 Tage";;VP.01452.01;ZR23465;"Nobivac® RCP";2025-09-15;PRODUCT;1,00;DS;10,81;12,86;19,00
1503960;10247;130850;2025-09-15;INVOICE;Barzahlung;;GOT-12;;"Allgemeine Untersuchung mit Beratung, Nutzgeflügel";2025-09-15;SERVICE;1,00;PCE;7,71;9,18;19,00
1505662;10248;130852;2025-09-16;INVOICE;EC-Karte;;GOT-16;;"Allgemeine Untersuchung mit Beratung, Hund, Katze, Frettchen";2025-09-16;SERVICE;1,00;PCE;23,62;28,11;19,00
1505689;10245;10007;2025-09-16;DUN;TVH;;;;"Rechnung Nr. 10245 vom 15.09.2025";2025-09-15;SERVICE;1,00;PCE;129,43;154,02;19,00
1505689;10245;10007;2025-09-16;DUN;TVH;;;;Gebühr;2025-09-16;DUN_FEE;1,00;PCE;2,52;3,00;19,00
1506833;202510249;130852;2025-09-17;INVOICE;EC-Karte;;GOT-16;;"Allgemeine Untersuchung mit Beratung, Hund, Katze, Frettchen";2025-09-16;SERVICE;1,00;PCE;23,62;28,11;19,00
1507905;20252822;130868;2025-09-18;INVOICE;EC-Karte;;GOT-16;;"Allgemeine Untersuchung mit Beratung, Hund, Katze, Frettchen";2025-09-18;SERVICE;1,00;PCE;42,52;50,60;19,00
1507905;20252822;130868;2025-09-18;INVOICE;EC-Karte;;VP.00428.01;;"Milbemax® für kl.Katzen & Katzenw.0,5-2 kg";2025-09-18;DISPENSATION;1,00;TAB;3,84;4,57;19,00
1507968;10181;10011;2025-09-18;DUN;"Überweisung 30 Tage";;;;"Rechnung Nr. 10181 vom 25.06.2025";2025-06-25;SERVICE;1,00;PCE;97,48;116,00;19,00
1507968;10181;10011;2025-09-18;DUN;"Überweisung 30 Tage";;;;Gebühr;2025-09-18;DUN_FEE;1,00;PCE;2,52;3,00;19,00
1507969;202410033;130856;2025-09-18;DUN;"Überweisung 30 Tage";;;;"Rechnung Nr. 202410033 vom 12.08.2024";2024-08-12;SERVICE;1,00;PCE;504,20;600,00;19,00
1507969;202410033;130856;2025-09-18;DUN;"Überweisung 30 Tage";;;;Gebühr;2025-09-18;DUN_FEE;1,00;PCE;2,52;3,00;19,00
1507970;10206;10011;2025-09-18;DUN;"Überweisung 30 Tage";;;;"Rechnung Nr. 10206 vom 15.08.2025";2025-08-15;SERVICE;1,00;PCE;48,16;57,31;19,00
1507970;10206;10011;2025-09-18;DUN;"Überweisung 30 Tage";;;;"Rechnung Nr. 10101 vom 17.12.2024";2024-12-17;SERVICE;1,00;PCE;16,81;20,00;19,00
1507970;10206;10011;2025-09-18;DUN;"Überweisung 30 Tage";;;;"Rechnung Nr. 10136 vom 24.03.2025";2025-03-24;SERVICE;1,00;PCE;72,14;85,85;19,00
1507970;10206;10011;2025-09-18;DUN;"Überweisung 30 Tage";;;;Gebühr;2025-09-18;DUN_FEE;1,00;PCE;2,52;3,00;19,00
1507971;10142;10006;2025-09-18;DUN;Barzahlung;;;;"Rechnung Nr. 10142 vom 24.03.2025";2025-03-24;SERVICE;1,00;PCE;43,79;52,11;19,00
1507971;10142;10006;2025-09-18;DUN;Barzahlung;;;;"Rechnung Nr. 10169 vom 29.04.2025";2025-04-29;SERVICE;1,00;PCE;23,62;28,11;19,00
1507971;10142;10006;2025-09-18;DUN;Barzahlung;;;;Gebühr;2025-09-18;DUN_FEE;1,00;PCE;2,52;3,00;19,00
1507972;10143;10008;2025-09-18;DUN;EC-Karte;;;;"Rechnung Nr. 10143 vom 24.03.2025";2025-03-24;SERVICE;1,00;PCE;124,89;148,62;19,00
1507972;10143;10008;2025-09-18;DUN;EC-Karte;;;;Gebühr;2025-09-18;DUN_FEE;1,00;PCE;2,52;3,00;19,00
1507973;10098;10008;2025-09-18;DUN;;;;;"Rechnung Nr. 10098 vom 11.12.2024";2024-12-11;SERVICE;1,00;PCE;67,09;79,84;0,00
1507973;10098;10008;2025-09-18;DUN;;;;;Gebühr;2025-09-18;DUN_FEE;1,00;PCE;4,20;5,00;0,00
1507974;10145;130836;2025-09-18;DUN;Barzahlung;;;;"Rechnung Nr. 10145 vom 24.03.2025";2025-03-24;SERVICE;1,00;PCE;77,37;92,07;19,00
1507974;10145;130836;2025-09-18;DUN;Barzahlung;;;;Gebühr;2025-09-18;DUN_FEE;1,00;PCE;2,52;3,00;19,00
1507975;10146;130801;2025-09-18;DUN;"Überweisung 30 Tage";;;;"Rechnung Nr. 10146 vom 24.03.2025";2025-03-24;SERVICE;1,00;PCE;87,01;103,54;19,00
1507975;10146;130801;2025-09-18;DUN;"Überweisung 30 Tage";;;;Gebühr;2025-09-18;DUN_FEE;1,00;PCE;2,52;3,00;19,00
1507976;10226;10000;2025-09-18;DUN;"Überweisung 30 Tage";;;;"Rechnung Nr. 10226 vom 02.09.2025";2025-09-02;SERVICE;1,00;PCE;126,92;151,03;19,00
1507976;10226;10000;2025-09-18;DUN;"Überweisung 30 Tage";;;;"Rechnung Nr. 10113 vom 29.01.2025";2025-01-29;SERVICE;1,00;PCE;285,13;339,31;19,00
1507976;10226;10000;2025-09-18;DUN;"Überweisung 30 Tage";;;;Gebühr;2025-09-18;DUN_FEE;1,00;PCE;2,52;3,00;19,00
1507977;10097;10000;2025-09-18;DUN;"Überweisung 30 Tage";;;;"Rechnung Nr. 10097 vom 11.09.2024";2024-09-11;SERVICE;1,00;PCE;39,90;47,48;19,00
1507977;10097;10000;2025-09-18;DUN;"Überweisung 30 Tage";;;;Gebühr;2025-09-18;DUN_FEE;1,00;PCE;4,20;5,00;19,00
1507978;202410066;10000;2025-09-18;DUN;"Überweisung 30 Tage";;;;"Rechnung Nr. 202410066 vom 17.10.2024";2024-10-17;SERVICE;1,00;PCE;79,31;94,38;19,00
1507978;202410066;10000;2025-09-18;DUN;"Überweisung 30 Tage";;;;Gebühr;2025-09-18;DUN_FEE;1,00;PCE;8,40;10,00;19,00
1507979;10118;10012;2025-09-18;DUN;"Überweisung 30 Tage";;;;"Rechnung Nr. 10118 vom 22.02.2025";2025-02-22;SERVICE;1,00;PCE;72,83;86,67;19,00
1507979;10118;10012;2025-09-18;DUN;"Überweisung 30 Tage";;;;"Rechnung Nr. 10139 vom 24.03.2025";2025-03-24;SERVICE;1,00;PCE;25,42;30,25;19,00
1507979;10118;10012;2025-09-18;DUN;"Überweisung 30 Tage";;;;Gebühr;2025-09-18;DUN_FEE;1,00;PCE;2,52;3,00;19,00
1507980;10088;10012;2025-09-18;DUN;"Überweisung 30 Tage";;;;"Rechnung Nr. 10088 vom 04.12.2024";2024-12-04;SERVICE;1,00;PCE;35,10;41,77;19,00
1507980;10088;10012;2025-09-18;DUN;"Überweisung 30 Tage";;;;"Rechnung Nr. 202410017 vom 12.08.2024";2024-08-12;SERVICE;1,00;PCE;11,86;14,11;19,00
1507980;10088;10012;2025-09-18;DUN;"Überweisung 30 Tage";;;;Gebühr;2025-09-18;DUN_FEE;1,00;PCE;4,20;5,00;19,00
1507981;10107;130800;2025-09-18;DUN;"Teilzahlung Bar";;;;"Rechnung Nr. 10107 vom 02.01.2025";2025-01-02;SERVICE;1,00;PCE;73,22;87,13;19,00
1507981;10107;130800;2025-09-18;DUN;"Teilzahlung Bar";;;;Gebühr;2025-09-18;DUN_FEE;1,00;PCE;2,52;3,00;19,00
1507982;10156;130854;2025-09-18;DUN;"Überweisung 30 Tage";;;;"Rechnung Nr. 10156 vom 24.03.2025";2025-03-24;SERVICE;1,00;PCE;63,45;75,51;19,00
1507982;10156;130854;2025-09-18;DUN;"Überweisung 30 Tage";;;;Gebühr;2025-09-18;DUN_FEE;1,00;PCE;2,52;3,00;19,00
1507983;10127;130868;2025-09-18;DUN;"Überweisung 30 Tage";;;;"Rechnung Nr. 10127 vom 24.03.2025";2025-03-24;SERVICE;1,00;PCE;91,72;109,15;19,00
1507983;10127;130868;2025-09-18;DUN;"Überweisung 30 Tage";;;;Gebühr;2025-09-18;DUN_FEE;1,00;PCE;2,52;3,00;19,00
1507984;10111;10009;2025-09-18;DUN;;EK;;;"Rechnung Nr. 10111 vom 21.01.2025";2025-01-21;SERVICE;1,00;PCE;23,62;28,11;19,00
1507984;10111;10009;2025-09-18;DUN;;EK;;;Gebühr;2025-09-18;DUN_FEE;1,00;PCE;2,52;3,00;19,00
1507985;10129;130880;2025-09-18;DUN;EC-Karte;;;;"Rechnung Nr. 10129 vom 24.03.2025";2025-03-24;SERVICE;1,00;PCE;61,40;73,07;19,00
1507985;10129;130880;2025-09-18;DUN;EC-Karte;;;;Gebühr;2025-09-18;DUN_FEE;1,00;PCE;2,52;3,00;19,00
1507986;10130;130816;2025-09-18;DUN;"Überweisung 30 Tage";;;;"Rechnung Nr. 10130 vom 24.03.2025";2025-03-24;SERVICE;1,00;PCE;34,49;41,04;19,00
1507986;10130;130816;2025-09-18;DUN;"Überweisung 30 Tage";;;;Gebühr;2025-09-18;DUN_FEE;1,00;PCE;2,52;3,00;19,00
1507987;10131;130864;2025-09-18;DUN;"Überweisung 30 Tage";;;;"Rechnung Nr. 10131 vom 24.03.2025";2025-03-24;SERVICE;1,00;PCE;166,50;198,14;19,00
1507987;10131;130864;2025-09-18;DUN;"Überweisung 30 Tage";;;;Gebühr;2025-09-18;DUN_FEE;1,00;PCE;2,52;3,00;19,00
1507988;202410073;130864;2025-09-18;DUN;"Überweisung 30 Tage";;;;"Rechnung Nr. 202410073 vom 30.10.2024";2024-10-30;SERVICE;1,00;PCE;396,35;471,66;19,00
1507988;202410073;130864;2025-09-18;DUN;"Überweisung 30 Tage";;;;Gebühr;2025-09-18;DUN_FEE;1,00;PCE;4,20;5,00;19,00
1507989;10159;130807;2025-09-18;DUN;"Überweisung 30 Tage";;;;"Rechnung Nr. 10159 vom 08.04.2025";2025-04-08;SERVICE;1,00;PCE;91,73;109,16;0,00
1507989;10159;130807;2025-09-18;DUN;"Überweisung 30 Tage";;;;Gebühr;2025-09-18;DUN_FEE;1,00;PCE;2,52;3,00;0,00
1507990;10102;10002;2025-09-18;DUN;"Überweisung 30 Tage";;;;"Rechnung Nr. 10102 vom 17.12.2024";2024-12-17;SERVICE;1,00;PCE;52,94;63,00;0,00
1507990;10102;10002;2025-09-18;DUN;"Überweisung 30 Tage";;;;Gebühr;2025-09-18;DUN_FEE;1,00;PCE;2,52;3,00;0,00
1507991;10133;130830;2025-09-18;DUN;"Überweisung 30 Tage";;;;"Rechnung Nr. 10133 vom 24.03.2025";2025-03-24;SERVICE;1,00;PCE;60,42;71,90;19,00
1507991;10133;130830;2025-09-18;DUN;"Überweisung 30 Tage";;;;Gebühr;2025-09-18;DUN_FEE;1,00;PCE;2,52;3,00;19,00
1507992;202410045;10007;2025-09-18;DUN;;;;;"Rechnung Nr. 202410045 vom 20.08.2024";2024-08-20;SERVICE;1,00;PCE;23,62;28,11;19,00
1507992;202410045;10007;2025-09-18;DUN;;;;;"Rechnung Nr. 202410071 vom 30.10.2024";2024-10-30;SERVICE;1,00;PCE;70,68;84,11;19,00
1507992;202410045;10007;2025-09-18;DUN;;;;;"Rechnung Nr. 10082 vom 25.11.2024";2024-11-25;SERVICE;1,00;PCE;49,76;59,22;19,00
1507992;202410045;10007;2025-09-18;DUN;;;;;"Rechnung Nr. 10245 vom 15.09.2025";2025-09-15;SERVICE;1,00;PCE;129,43;154,02;19,00
1507992;202410045;10007;2025-09-18;DUN;;;;;Gebühr;2025-09-18;DUN_FEE;1,00;PCE;4,20;5,00;19,00
1507993;202410035;130804;2025-09-18;DUN;;EK;;;"Rechnung Nr. 202410035 vom 13.08.2024";2024-08-13;SERVICE;1,00;PCE;25,45;30,29;19,00
1507993;202410035;130804;2025-09-18;DUN;;EK;;;Gebühr;2025-09-18;DUN_FEE;1,00;PCE;4,20;5,00;19,00
1507994;202410067;10005;2025-09-18;DUN;"Überweisung 30 Tage";;;;"Rechnung Nr. 202410067 vom 17.10.2024";2024-10-17;SERVICE;1,00;PCE;23,62;28,11;0,00
1507994;202410067;10005;2025-09-18;DUN;"Überweisung 30 Tage";;;;Gebühr;2025-09-18;DUN_FEE;1,00;PCE;4,20;5,00;0,00
1507995;202410080;130853;2025-09-18;DUN;"Überweisung 30 Tage";;;;"Rechnung Nr. 202410080 vom 22.11.2024";2024-11-22;SERVICE;1,00;PCE;79,40;94,49;19,00
1507995;202410080;130853;2025-09-18;DUN;"Überweisung 30 Tage";;;;Gebühr;2025-09-18;DUN_FEE;1,00;PCE;8,40;10,00;19,00
1507996;202410079;130846;2025-09-18;DUN;"Überweisung 30 Tage";;;;"Rechnung Nr. 202410079 vom 11.11.2024";2024-11-11;SERVICE;1,00;PCE;57,82;68,81;19,00
1507996;202410079;130846;2025-09-18;DUN;"Überweisung 30 Tage";;;;Gebühr;2025-09-18;DUN_FEE;1,00;PCE;8,40;10,00;19,00
1509436;20252823;10011;2025-09-19;INVOICE;"Überweisung 30 Tage";;LKN-238;;"Vitamin B6 ! (möglichst gefroren)";2025-09-19;SERVICE;1,00;;39,90;47,48;19,00
1509436;20252823;10011;2025-09-19;INVOICE;"Überweisung 30 Tage";;VP.00606.01;;Duphamox®;2025-09-19;PRODUCT;100,00;ML;125,34;149,16;19,00
1509771;20252824;10000;2025-09-19;INVOICE;EC-Karte;;GOT-16;;"Allgemeine Untersuchung mit Beratung, Hund, Katze, Frettchen";2025-09-19;SERVICE;1,00;PCE;35,43;42,16;19,00
1509771;20252824;10000;2025-09-19;INVOICE;EC-Karte;;GOT-609;;"Blutuntersuchung, photometrische Bestimmung von Einzelparametern";2025-09-19;SERVICE;1,00;PCE;13,85;16,48;19,00
1509771;20252824;10000;2025-09-19;INVOICE;EC-Karte;;VP.00428.01;;"Milbemax® für kl.Katzen & Katzenw.0,5-2 kg";2025-09-19;DISPENSATION;1,00;TAB;3,84;4,57;19,00
1507941;20252830;130807;2025-09-22;INVOICE;Barzahlung;;GOT-16;;"Allgemeine Untersuchung mit Beratung, Hund, Katze, Frettchen";2025-09-17;SERVICE;1,00;PCE;23,62;28,11;0,00
1507941;20252830;130807;2025-09-22;INVOICE;Barzahlung;;GOT-234;;"Infusion per Schwerkraft";2025-09-17;SERVICE;1,00;PCE;50,40;59,98;0,00
1507941;20252830;130807;2025-09-22;INVOICE;Barzahlung;;GOT-221;;"Injektion subkutan, intrakutan, intramuskulär, Hund, Katze, Frettchen";2025-09-17;SERVICE;1,00;PCE;11,50;13,69;0,00
1507941;20252830;130807;2025-09-22;INVOICE;Barzahlung;;1217;H346567;"Butorgesic 10 mg/ml Inj.-lsg.";2025-09-17;PRODUCT;1,00;ML;9,87;11,74;0,00
1507941;20252830;130807;2025-09-22;INVOICE;Barzahlung;;VP.00607.01;126989385;"Duphamox® LA 150 mg/ml";2025-09-17;PRODUCT;2,00;ML;0,87;1,04;0,00
1510803;20252825;10003;2025-09-22;INVOICE;Barzahlung;;VP.00428.01;;"Milbemax® für kl.Katzen & Katzenw.0,5-2 kg";2025-09-16;PRODUCT;1,00;TAB;3,84;4,57;19,00
1510803;20252825;10003;2025-09-22;INVOICE;Barzahlung;;GOT-16;;"Allgemeine Untersuchung mit Beratung, Hund, Katze, Frettchen";2025-09-22;SERVICE;1,00;PCE;35,44;42,17;19,00
1511110;20252826;130892;2025-09-22;INVOICE;EC-Karte;;GOT-16;;"Allgemeine Untersuchung mit Beratung, Hund, Katze, Frettchen";2025-09-22;SERVICE;1,00;PCE;35,44;42,17;19,00
1511110;20252826;130892;2025-09-22;INVOICE;EC-Karte;;p341033c2b1;;"Milbemax® für Hunde ab 5 kg";2025-09-22;DISPENSATION;1,00;TAB;10,08;12,00;19,00
1511110;20252826;130892;2025-09-22;INVOICE;EC-Karte;;VP.00607.01;;"Duphamox® LA 150 mg/ml";2025-09-22;PRODUCT;1,00;ML;0,44;0,52;19,00
1512079;20252827;130821;2025-09-22;INVOICE;"Überweisung 30 Tage";;p3834e26f39;1389243893589054;"Rimadyl® Kautabletten 50 mg";2025-02-13;DISPENSATION;3,60;TAB;3,03;3,60;19,00
1512079;20252827;130821;2025-09-22;INVOICE;"Überweisung 30 Tage";;p3834e26f39;1389243893589054;"Rimadyl® Kautabletten 50 mg";2025-02-13;DISPENSATION;3,60;TAB;3,03;3,60;19,00
1512079;20252827;130821;2025-09-22;INVOICE;"Überweisung 30 Tage";;p3834e26f39;;"Rimadyl® Kautabletten 50 mg";2025-02-14;DISPENSATION;20,00;TAB;16,81;20,00;19,00
1512079;20252827;130821;2025-09-22;INVOICE;"Überweisung 30 Tage";;GOT-40;;"Hausbesuch, außer bei landwirtschaftlichen Nutztieren";2025-09-22;SERVICE;1,00;PCE;34,50;41,06;19,00
1512079;20252827;130821;2025-09-22;INVOICE;"Überweisung 30 Tage";;GOT-16;;"Allgemeine Untersuchung mit Beratung, Hund, Katze, Frettchen";2025-09-22;SERVICE;1,00;PCE;23,62;28,11;19,00
1512079;20252827;130821;2025-09-22;INVOICE;"Überweisung 30 Tage";;GOT-2;;"Eingehende Anamneseerhebung oder Beratung, das gewöhnliche Maß übersteigend, einschließlich eingehender Vorbereitung, beispielsweise bei Verhaltensstörungen, Physikalischer Therapie und im Rahmen von Naturheilverfahren, z.B. Akupunktur, Homöop";2025-09-22;SERVICE;1,00;PCE;61,56;73,26;19,00
1512079;20252827;130821;2025-09-22;INVOICE;"Überweisung 30 Tage";;GOT-89;;"Gutachten (nicht gerichtliche Gutachten), Protokoll oder Tierarztbrief, je angefangene 15 Minuten";2025-09-22;SERVICE;1,00;PCE;30,48;36,27;19,00
1512080;20252828;10000;2025-09-22;INVOICE;EC-Karte;;GOT-16;;"Allgemeine Untersuchung mit Beratung, Hund, Katze, Frettchen";2025-09-01;SERVICE;1,00;PCE;35,43;42,16;19,00
1512080;20252828;10000;2025-09-22;INVOICE;EC-Karte;;GOT-310;;"Injektionsnarkose intramuskulär, Hund, Katze, Frettchen";2025-09-01;SERVICE;1,00;PCE;35,16;41,84;19,00
1512080;20252828;10000;2025-09-22;INVOICE;EC-Karte;;GOT-221;;"Injektion subkutan, intrakutan, intramuskulär, Hund, Katze, Frettchen";2025-09-05;SERVICE;1,00;PCE;11,50;13,69;19,00
1512080;20252828;10000;2025-09-22;INVOICE;EC-Karte;;GOT-240;;"Ablesen einer Kennzeichnung, z. B. Tätowierung, Transponder, Ohrmarke";2025-09-05;SERVICE;1,00;PCE;4,59;5,46;19,00
1512080;20252828;10000;2025-09-22;INVOICE;EC-Karte;;GOT-87;;Impfbescheinigung;2025-09-05;SERVICE;1,00;PCE;6,16;7,33;19,00
1512080;20252828;10000;2025-09-22;INVOICE;EC-Karte;;p208a2047761;;"Nobivac® SHPPi + Nobivac® L4";2025-09-05;PRODUCT;1,00;DOS;17,05;20,29;19,00
1512080;20252828;10000;2025-09-22;INVOICE;EC-Karte;;p208a2048128;;"Nobivac® T";2025-09-05;PRODUCT;1,00;DOS;3,01;3,58;19,00
1512080;20252828;10000;2025-09-22;INVOICE;EC-Karte;;VP.01448.01;;"Nobivac® L4";2025-09-05;PRODUCT;1,00;DS;8,99;10,70;19,00
1512080;20252828;10000;2025-09-22;INVOICE;EC-Karte;;p3fab716c54;;"Milbenin 12,5 mg/125 mg Kautabl.";2025-09-08;DISPENSATION;1,00;TAB;8,31;9,89;19,00
1512080;20252828;10000;2025-09-22;INVOICE;EC-Karte;;GOT-16;;"Allgemeine Untersuchung mit Beratung, Hund, Katze, Frettchen";2025-09-10;SERVICE;1,00;PCE;35,43;42,16;19,00
1512080;20252828;10000;2025-09-22;INVOICE;EC-Karte;;GOT-16;;"Allgemeine Untersuchung mit Beratung, Hund, Katze, Frettchen";2025-09-18;SERVICE;1,00;PCE;35,43;42,16;19,00
1512080;20252828;10000;2025-09-22;INVOICE;EC-Karte;;GOT-609;;"Blutuntersuchung, photometrische Bestimmung von Einzelparametern";2025-09-18;SERVICE;1,00;PCE;13,85;16,48;19,00
1512080;20252828;10000;2025-09-22;INVOICE;EC-Karte;;GOT-16;;"Allgemeine Untersuchung mit Beratung, Hund, Katze, Frettchen";2025-09-22;SERVICE;1,00;PCE;23,62;28,11;19,00
1512080;20252828;10000;2025-09-22;INVOICE;EC-Karte;;GOT-234;;"Infusion per Schwerkraft";2025-09-22;SERVICE;1,00;PCE;50,40;59,98;19,00
1512080;20252828;10000;2025-09-22;INVOICE;EC-Karte;;GOT-221;;"Injektion subkutan, intrakutan, intramuskulär, Hund, Katze, Frettchen";2025-09-22;SERVICE;1,00;PCE;11,50;13,69;19,00
1512080;20252828;10000;2025-09-22;INVOICE;EC-Karte;;1217;H346567;"Butorgesic 10 mg/ml Inj.-lsg.";2025-09-22;PRODUCT;1,00;ML;11,61;13,82;19,00
1512080;20252828;10000;2025-09-22;INVOICE;EC-Karte;;VP.00607.01;126989385;"Duphamox® LA 150 mg/ml";2025-09-22;PRODUCT;2,00;ML;0,86;1,02;19,00
1512082;20252829;10001;2025-09-22;INVOICE;EC-Karte;;10000;1234566;"Joint Powder Plus";2025-08-26;PRODUCT;0,20;BU;7,62;8,15;7,00
1513204;20252831;10007;2025-09-23;INVOICE;Barzahlung;;GOT-16;;"Allgemeine Untersuchung mit Beratung, Hund, Katze, Frettchen";2025-09-23;SERVICE;1,00;PCE;23,62;28,11;19,00
1513204;20252831;10007;2025-09-23;INVOICE;Barzahlung;;GOT-234;;"Infusion per Schwerkraft";2025-09-23;SERVICE;1,00;PCE;50,40;59,98;19,00
1513204;20252831;10007;2025-09-23;INVOICE;Barzahlung;;GOT-221;;"Injektion subkutan, intrakutan, intramuskulär, Hund, Katze, Frettchen";2025-09-23;SERVICE;1,00;PCE;11,50;13,69;19,00
1513204;20252831;10007;2025-09-23;INVOICE;Barzahlung;;1217;H346567;"Butorgesic 10 mg/ml Inj.-lsg.";2025-09-23;PRODUCT;1,00;ML;9,87;11,74;19,00
1513204;20252831;10007;2025-09-23;INVOICE;Barzahlung;;VP.00607.01;234567665432;"Duphamox® LA 150 mg/ml";2025-09-23;PRODUCT;2,00;ML;0,87;1,04;19,00
1507211;20252832;10004;2025-09-24;INVOICE;SumUp;;GOT-16;;"Allgemeine Untersuchung mit Beratung, Hund, Katze, Frettchen";2025-09-17;SERVICE;1,00;PCE;35,44;42,17;19,00
1513353;20252833;130899;2025-09-24;INVOICE;Barzahlung;;GOT-16;;"Allgemeine Untersuchung mit Beratung, Hund, Katze, Frettchen";2025-09-24;SERVICE;1,00;PCE;35,44;42,17;19,00
1513705;20252834;10000;2025-09-24;INVOICE;EC-Karte;;GOT-16;;"Allgemeine Untersuchung mit Beratung, Hund, Katze, Frettchen";2025-09-24;SERVICE;1,00;PCE;35,43;42,16;19,00
1513705;20252834;10000;2025-09-24;INVOICE;EC-Karte;;GOT-16;;"Allgemeine Untersuchung mit Beratung, Hund, Katze, Frettchen";2025-09-24;SERVICE;1,00;PCE;35,43;42,16;19,00
1513707;202410071;10007;2025-09-24;DUN;;;;;"Rechnung Nr. 202410071 vom 30.10.2024";2024-10-30;SERVICE;1,00;PCE;74,88;89,11;19,00
1513707;202410071;10007;2025-09-24;DUN;;;;;Gebühr;2025-09-24;DUN_FEE;1,00;PCE;8,40;10,00;19,00
1513708;202410035;130804;2025-09-24;DUN;;EK;;;"Rechnung Nr. 202410035 vom 13.08.2024";2024-08-13;SERVICE;1,00;PCE;29,66;35,29;19,00
1513708;202410035;130804;2025-09-24;DUN;;EK;;;Gebühr;2025-09-24;DUN_FEE;1,00;PCE;8,40;10,00;19,00
1513709;20252827;130821;2025-09-24;DUN;"Überweisung 30 Tage";;;;"Rechnung Nr. 20252827 vom 22.09.2025";2025-09-22;SERVICE;1,00;PCE;173,03;205,90;19,00
1513709;20252827;130821;2025-09-24;DUN;"Überweisung 30 Tage";;;;Gebühr;2025-09-24;DUN_FEE;1,00;PCE;2,52;3,00;19,00
1513814;20252835;130899;2025-09-24;INVOICE;Barzahlung;;GOT-16;;"Allgemeine Untersuchung mit Beratung, Hund, Katze, Frettchen";2025-09-24;SERVICE;1,00;PCE;35,44;42,17;19,00
1513814;20252835;130899;2025-09-24;INVOICE;Barzahlung;;VP.00428.01;;"Milbemax® für kl.Katzen & Katzenw.0,5-2 kg";2025-09-24;DISPENSATION;1,00;TAB;3,84;4,57;19,00
1514288;20252836;10000;2025-09-25;INVOICE;"Überweisung 30 Tage";;GOT-16;;"Allgemeine Untersuchung mit Beratung, Hund, Katze, Frettchen";2025-09-25;SERVICE;1,00;PCE;35,43;42,16;19,00
1514288;20252836;10000;2025-09-25;INVOICE;"Überweisung 30 Tage";;p208a2108ac1;;"Duphamox® LA 150 mg/ml";2025-09-25;PRODUCT;1,00;ML;0,52;0,62;19,00
1514288;20252836;10000;2025-09-25;INVOICE;"Überweisung 30 Tage";;VP.00428.01;;"Milbemax® für kl.Katzen & Katzenw.0,5-2 kg";2025-09-25;DISPENSATION;1,00;TAB;3,84;4,57;19,00
1514386;20252837;10000;2025-09-25;INVOICE;EC-Karte;;GOT-16;;"Allgemeine Untersuchung mit Beratung, Hund, Katze, Frettchen";2025-09-25;SERVICE;1,00;PCE;35,43;42,16;19,00
1514389;20252838;130899;2025-09-25;INVOICE;"Überweisung 30 Tage";;GOT-16;;"Allgemeine Untersuchung mit Beratung, Hund, Katze, Frettchen";2025-09-25;SERVICE;1,00;PCE;35,44;42,17;19,00
1514716;202410073;130864;2025-09-25;DUN;"Überweisung 30 Tage";;;;"Rechnung Nr. 202410073 vom 30.10.2024";2024-10-30;SERVICE;1,00;PCE;400,55;476,66;19,00
1514716;202410073;130864;2025-09-25;DUN;"Überweisung 30 Tage";;;;Gebühr;2025-09-25;DUN_FEE;1,00;PCE;8,40;10,00;19,00
1514809;20252839;10000;2025-09-25;INVOICE;Barzahlung;;GOT-21;;"Allgemeine Untersuchung ohne Beratung";2025-09-25;SERVICE;1,00;PCE;32,12;38,22;19,00
1514809;20252839;10000;2025-09-25;INVOICE;Barzahlung;;VP.00607.01;234567665432;"Duphamox® LA 150 mg/ml";2025-09-25;PRODUCT;1,20;ML;0,52;0,62;19,00
1514809;20252839;10000;2025-09-25;INVOICE;Barzahlung;;VP.00428.01;;"Milbemax® für kl.Katzen & Katzenw.0,5-2 kg";2025-09-25;PRODUCT;1,00;TAB;3,84;4,57;19,00
1516028;20252840;10000;2025-09-26;INVOICE;Barzahlung;;GOT-16;;"Allgemeine Untersuchung mit Beratung, Hund, Katze, Frettchen";2025-09-26;SERVICE;1,00;PCE;35,43;42,16;19,00
1516028;20252840;10000;2025-09-26;INVOICE;Barzahlung;;VP.00607.01;126989385;"Duphamox® LA 150 mg/ml";2025-09-26;PRODUCT;1,00;ML;0,43;0,51;19,00
1516028;20252840;10000;2025-09-26;INVOICE;Barzahlung;;VP.01585.01;;"Metacam® Kautablette 1 mg für den Hund";2025-09-26;DISPENSATION;1,00;TAB;0,73;0,87;19,00
1516084;20252841;10000;2025-09-26;INVOICE;Barzahlung;;GOT-16;;"Allgemeine Untersuchung mit Beratung, Hund, Katze, Frettchen";2025-09-24;SERVICE;1,00;PCE;35,43;42,16;19,00
1517144;20252842;130810;2025-09-29;INVOICE;EC-Karte;;GOT-11;;"Allgemeine Untersuchung mit Beratung, Pelztier, Zucht und Mastkaninchen";2025-09-29;SERVICE;1,00;PCE;25,58;30,44;19,00
1517144;20252842;130810;2025-09-29;INVOICE;EC-Karte;;GOT-222;;"Injektion subkutan, intrakutan, intramuskulär, intraingluvial, Heimsäugetiere und Stubenvögel";2025-09-29;SERVICE;1,00;PCE;12,66;15,06;19,00
1517144;20252842;130810;2025-09-29;INVOICE;EC-Karte;;VP.00607.01;97867565;"Duphamox® LA 150 mg/ml";2025-09-29;PRODUCT;1,00;ML;0,54;0,64;19,00
1517144;20252842;130810;2025-09-29;INVOICE;EC-Karte;;VP.00428.01;;"Milbemax® für kl.Katzen & Katzenw.0,5-2 kg";2025-09-29;DISPENSATION;1,00;TAB;3,84;4,57;19,00
1518979;20252843;10004;2025-09-30;INVOICE;"Überweisung 30 Tage";;GOT-16;;"Allgemeine Untersuchung mit Beratung, Hund, Katze, Frettchen";2025-09-30;SERVICE;1,00;PCE;35,44;42,17;19,00
1518979;20252843;10004;2025-09-30;INVOICE;"Überweisung 30 Tage";;p208a2108ac1;319103;"Duphamox® LA 150 mg/ml";2025-09-30;PRODUCT;1,00;ML;0,52;0,62;19,00
1518979;20252843;10004;2025-09-30;INVOICE;"Überweisung 30 Tage";;VP.01585.01;;"Metacam® Kautablette 1 mg für den Hund";2025-09-30;DISPENSATION;1,00;TAB;0,73;0,87;19,00
1521272;20252844;10810;2025-10-01;INVOICE;EC-Karte;;GOT-1;;"Beratung im einzelnen Fall ohne Untersuchung (auch schriftlich oder fernmündlich)";2025-10-01;SERVICE;1,00;PCE;17,23;20,50;19,00
1524136;20252848;10009;2025-10-07;INVOICE;"Überweisung 30 Tage";EK;300;;"Cefatab vet. flavour 50 mg Tabletten für Hunde und Katzen";2025-01-10;PRODUCT;2,00;TAB;0,96;1,14;19,00
1524136;20252848;10009;2025-10-07;INVOICE;"Überweisung 30 Tage";EK;VP.00428.01;;"Milbemax® für kl.Katzen & Katzenw.0,5-2 kg";2025-09-10;DISPENSATION;1,00;TAB;3,84;4,57;19,00
1524136;20252848;10009;2025-10-07;INVOICE;"Überweisung 30 Tage";EK;GOT-16;;"Allgemeine Untersuchung mit Beratung, Hund, Katze, Frettchen";2025-10-06;SERVICE;1,00;PCE;35,43;42,16;19,00
1524136;20252848;10009;2025-10-07;INVOICE;"Überweisung 30 Tage";EK;GOT-16;;"Allgemeine Untersuchung mit Beratung, Hund, Katze, Frettchen";2025-10-06;SERVICE;1,00;PCE;35,43;42,16;19,00
1527213;20252847;130898;2025-10-07;INVOICE;EC-Karte;;GOT-40;;"Hausbesuch, außer bei landwirtschaftlichen Nutztieren";2025-10-07;SERVICE;1,00;PCE;34,50;41,06;19,00
1527213;20252847;130898;2025-10-07;INVOICE;EC-Karte;;GOT-16;;"Allgemeine Untersuchung mit Beratung, Hund, Katze, Frettchen";2025-10-07;SERVICE;1,00;PCE;23,62;28,11;19,00
1527213;20252847;130898;2025-10-07;INVOICE;EC-Karte;;GOT-2;;"Eingehende Anamneseerhebung oder Beratung, das gewöhnliche Maß übersteigend, einschließlich eingehender Vorbereitung, beispielsweise bei Verhaltensstörungen, Physikalischer Therapie und im Rahmen von Naturheilverfahren, z.B. Akupunktur, Homöop";2025-10-07;SERVICE;1,00;PCE;61,56;73,26;19,00
1527213;20252847;130898;2025-10-07;INVOICE;EC-Karte;;GOT-89;;"Gutachten (nicht gerichtliche Gutachten), Protokoll oder Tierarztbrief, je angefangene 15 Minuten";2025-10-07;SERVICE;1,00;PCE;30,48;36,27;19,00
1527435;20252849;10000;2025-10-08;INVOICE;EC-Karte;;GOT-16;;"Allgemeine Untersuchung mit Beratung, Hund, Katze, Frettchen";2025-10-06;SERVICE;1,00;PCE;23,62;28,11;19,00
1531146;20252852;130845;2025-10-10;INVOICE;EC-Karte;;VP.00607.01;H3465;"Duphamox® LA 150 mg/ml";2024-10-28;PRODUCT;100,00;ML;30,02;35,72;19,00
1531146;20252852;130845;2025-10-10;INVOICE;EC-Karte;;GOT-16;;"Allgemeine Untersuchung mit Beratung, Hund, Katze, Frettchen";2025-02-03;SERVICE;1,00;PCE;23,62;28,11;19,00
1531146;20252852;130845;2025-10-10;INVOICE;EC-Karte;;GOT-40;;"Hausbesuch, außer bei landwirtschaftlichen Nutztieren";2025-02-03;SERVICE;1,00;PCE;34,50;41,06;19,00
1531146;20252852;130845;2025-10-10;INVOICE;EC-Karte;;GOT-225;;"Venenkatheter peripher einlegen";2025-02-03;SERVICE;1,00;PCE;20,47;24,36;19,00
1531146;20252852;130845;2025-10-10;INVOICE;EC-Karte;;GOT-310;;"Injektionsnarkose intramuskulär, Hund, Katze, Frettchen";2025-02-03;SERVICE;1,00;PCE;23,44;27,89;19,00
1531146;20252852;130845;2025-10-10;INVOICE;EC-Karte;;p208a2042845;;L-Polamivet®;2025-02-03;PRODUCT;20,00;ML;39,66;47,20;19,00
1531146;20252852;130845;2025-10-10;INVOICE;EC-Karte;;LKN-1208;;"Euthadorm 500 mg/ml Injektionslösung";2025-02-03;SERVICE;10,00;ML;470,00;559,30;19,00
1531146;20252852;130845;2025-10-10;INVOICE;EC-Karte;;GOT-88;;"Sonstige Bescheinigung";2025-02-03;SERVICE;1,00;PCE;17,00;20,23;19,00
1531146;20252852;130845;2025-10-10;INVOICE;EC-Karte;;;;"Geriatrie-Profil + U-P/C (Hd, Ktz) ";2025-02-06;SERVICE;1,00;PCE;40,00;47,60;19,00
1531146;20252852;130845;2025-10-10;INVOICE;EC-Karte;;GOT-16;;"Allgemeine Untersuchung mit Beratung, Hund, Katze, Frettchen";2025-10-10;SERVICE;1,00;PCE;42,52;50,60;19,00
1531146;20252852;130845;2025-10-10;INVOICE;EC-Karte;;GOT-221;;"Injektion subkutan, intrakutan, intramuskulär, Hund, Katze, Frettchen";2025-10-10;SERVICE;1,00;PCE;11,50;13,69;19,00
1531146;20252852;130845;2025-10-10;INVOICE;EC-Karte;;GOT-240;;"Ablesen einer Kennzeichnung, z. B. Tätowierung, Transponder, Ohrmarke";2025-10-10;SERVICE;1,00;PCE;4,59;5,46;19,00
1531146;20252852;130845;2025-10-10;INVOICE;EC-Karte;;GOT-87;;Impfbescheinigung;2025-10-10;SERVICE;1,00;PCE;6,16;7,33;19,00
1531146;20252852;130845;2025-10-10;INVOICE;EC-Karte;;p208a2047761;;"Nobivac® SHPPi + Nobivac® L4";2025-10-10;PRODUCT;1,00;DOS;17,05;20,29;19,00
1531146;20252852;130845;2025-10-10;INVOICE;EC-Karte;;p208a2048128;;"Nobivac® T";2025-10-10;PRODUCT;1,00;DOS;3,01;3,58;19,00
1531146;20252852;130845;2025-10-10;INVOICE;EC-Karte;;VP.01448.01;;"Nobivac® L4";2025-10-10;PRODUCT;1,00;DS;8,99;10,70;19,00
1531147;20252853;10003;2025-10-10;INVOICE;Barzahlung;;GOT-16;;"Allgemeine Untersuchung mit Beratung, Hund, Katze, Frettchen";2025-09-10;SERVICE;0,50;PCE;11,81;14,06;19,00
1531147;20252853;10003;2025-10-10;INVOICE;Barzahlung;;VP.00607.01;126989385;"Duphamox® LA 150 mg/ml";2025-09-10;PRODUCT;0,50;ML;0,22;0,26;19,00
1531147;20252853;10003;2025-10-10;INVOICE;Barzahlung;;GOT-21;;"Allgemeine Untersuchung ohne Beratung";2025-10-10;SERVICE;1,00;PCE;32,12;38,22;19,00
1531347;20252855;130804;2025-10-11;INVOICE;Barzahlung;EK;GOT-16;;"Allgemeine Untersuchung mit Beratung, Hund, Katze, Frettchen";2025-10-11;SERVICE;1,00;PCE;35,44;42,17;19,00
1531347;20252855;130804;2025-10-11;INVOICE;Barzahlung;EK;VP.00053.01;;"MELOXIDYL® 0,5 mg/ml orale Susp.Katzen";2025-10-11;PRODUCT;15,00;ML;15,46;18,40;19,00
1531390;20252856;130804;2025-10-11;INVOICE;"Überweisung 30 Tage";EK;GOT-16;;"Allgemeine Untersuchung mit Beratung, Hund, Katze, Frettchen";2025-10-11;SERVICE;1,00;PCE;35,44;42,17;19,00
1531390;20252856;130804;2025-10-11;INVOICE;"Überweisung 30 Tage";EK;GOT-234;;"Infusion per Schwerkraft";2025-10-11;SERVICE;1,00;PCE;63,00;74,97;19,00
1531390;20252856;130804;2025-10-11;INVOICE;"Überweisung 30 Tage";EK;GOT-221;;"Injektion subkutan, intrakutan, intramuskulär, Hund, Katze, Frettchen";2025-10-11;SERVICE;1,00;PCE;17,26;20,54;19,00
1531390;20252856;130804;2025-10-11;INVOICE;"Überweisung 30 Tage";EK;1217;H346567;"Butorgesic 10 mg/ml Inj.-lsg.";2025-10-11;PRODUCT;1,00;ML;9,87;11,74;19,00
1531390;20252856;130804;2025-10-11;INVOICE;"Überweisung 30 Tage";EK;VP.00607.01;10001;"Duphamox® LA 150 mg/ml";2025-10-11;PRODUCT;2,00;ML;1,08;1,28;19,00
1542900;20252857;130833;2025-10-22;INVOICE;"Überweisung 30 Tage";;VP.00607.01;126989385;"Duphamox® LA 150 mg/ml";2025-10-22;DISPENSATION;1,00;ML;0,54;0,64;19,00
1542906;20252858;130814;2025-10-22;INVOICE;"Überweisung 30 Tage";;GOT-16;;"Allgemeine Untersuchung mit Beratung, Hund, Katze, Frettchen";2025-10-22;SERVICE;1,00;PCE;35,44;42,17;19,00
1542906;20252858;130814;2025-10-22;INVOICE;"Überweisung 30 Tage";;GOT-234;;"Infusion per Schwerkraft";2025-10-22;SERVICE;1,00;PCE;63,00;74,97;19,00
1542906;20252858;130814;2025-10-22;INVOICE;"Überweisung 30 Tage";;GOT-221;;"Injektion subkutan, intrakutan, intramuskulär, Hund, Katze, Frettchen";2025-10-22;SERVICE;1,00;PCE;17,26;20,54;19,00
1542906;20252858;130814;2025-10-22;INVOICE;"Überweisung 30 Tage";;1217;H346567;"Butorgesic 10 mg/ml Inj.-lsg.";2025-10-22;PRODUCT;1,00;ML;9,87;11,74;19,00
1542906;20252858;130814;2025-10-22;INVOICE;"Überweisung 30 Tage";;VP.00607.01;467789FRth;"Duphamox® LA 150 mg/ml";2025-10-22;PRODUCT;2,00;ML;1,08;1,28;19,00
1543324;20252861;130846;2025-10-23;INVOICE;EC-Karte;;GOT-16;;"Allgemeine Untersuchung mit Beratung, Hund, Katze, Frettchen";2025-10-23;SERVICE;1,00;PCE;35,44;42,17;19,00
1543324;20252861;130846;2025-10-23;INVOICE;EC-Karte;;GOT-221;;"Injektion subkutan, intrakutan, intramuskulär, Hund, Katze, Frettchen";2025-10-23;SERVICE;1,00;PCE;17,26;20,54;19,00
1543324;20252861;130846;2025-10-23;INVOICE;EC-Karte;;VP.00606.01;;Duphamox®;2025-10-23;PRODUCT;5,00;ML;10,29;12,25;19,00
1543324;20252861;130846;2025-10-23;INVOICE;EC-Karte;;329;;"Amoxitab 500 mg";2025-10-23;PRODUCT;20,00;TAB;16,47;19,60;19,00
1543324;20252861;130846;2025-10-23;INVOICE;EC-Karte;;p263fb713f81;;"entoVITAL DOG HYPOALLERGENIC Nassfutter";2025-10-23;PRODUCT;400,00;G;21,87;23,40;7,00
1543324;20252861;130846;2025-10-23;INVOICE;EC-Karte;;10000;;"Joint Powder Plus";2025-10-23;PRODUCT;1,00;BU;47,06;50,35;7,00
1543324;20252861;130846;2025-10-23;INVOICE;EC-Karte;;p2444e2d9879;;"5 in 1 tägl. Futterzusatz";2025-10-23;PRODUCT;50,00;TAB;54,11;57,90;7,00
1543324;20252861;130846;2025-10-23;INVOICE;EC-Karte;;p3ce5f27844;;"entoVITAL HORSE detox";2025-10-23;PRODUCT;900,00;G;55,98;59,90;7,00
1544043;20252862;10007;2025-10-23;INVOICE;"Überweisung 30 Tage";;GOT-16;;"Allgemeine Untersuchung mit Beratung, Hund, Katze, Frettchen";2025-10-23;SERVICE;1,00;PCE;23,62;28,11;19,00
1544043;20252862;10007;2025-10-23;INVOICE;"Überweisung 30 Tage";;p208a20d7b52;;"Viequo Royal Senior";2025-10-23;PRODUCT;100,00;ML;7,00;7,49;7,00
1545754;20252863;10001;2025-10-25;INVOICE;Barzahlung;;GOT-4;;"Allgemeine Untersuchung mit Beratung, Pferd, Hausequiden, Kameliden";2025-10-21;SERVICE;1,00;PCE;30,78;36,63;19,00
1545754;20252863;10001;2025-10-25;INVOICE;Barzahlung;;GOT-313;;"Injektionsnarkose intravenös, Pferd, Hausequiden, Kameliden";2025-10-21;SERVICE;1,00;PCE;83,46;99,32;19,00
1545754;20252863;10001;2025-10-25;INVOICE;Barzahlung;;p208a20c1ad5;;"Butomidor 10 mg/ml";2025-10-21;PRODUCT;0,50;ML;4,36;5,19;19,00
1545754;20252863;10001;2025-10-25;INVOICE;Barzahlung;;VP.00760.01;;"Dermamycin® Augencreme";2025-10-21;PRODUCT;20,00;G;49,04;58,36;19,00
1545754;20252863;10001;2025-10-25;INVOICE;Barzahlung;;GOT-4;;"Allgemeine Untersuchung mit Beratung, Pferd, Hausequiden, Kameliden";2025-10-21;SERVICE;1,00;PCE;30,78;36,63;19,00
1530388;20252865;10000;2025-10-30;INVOICE;"Teilzahlung Bar";;GOT-16;;"Allgemeine Untersuchung mit Beratung, Hund, Katze, Frettchen";2025-10-10;SERVICE;1,00;PCE;35,44;42,17;19,00
1530388;20252865;10000;2025-10-30;INVOICE;"Teilzahlung Bar";;GOT-16;;"Allgemeine Untersuchung mit Beratung, Hund, Katze, Frettchen";2025-10-10;SERVICE;1,00;PCE;23,62;28,11;19,00
1544837;20252864;10000;2025-10-30;INVOICE;"Überweisung 30 Tage";;p263fb713f81;;"entoVITAL DOG HYPOALLERGENIC Nassfutter";2025-10-24;PRODUCT;400,00;G;21,87;23,40;7,00
